{"type":"header","name":"Header","sections":{"announcement-bar":{"type":"announcement-bar","blocks":{"text":{"type":"text","settings":{"text":"<p>FREE SHIPPING ON UK ORDERS OVER £50 & INTERNATIONAL ORDERS OVER £100 <\/p>","text_color":"","heading_highlight_type":"circle","highlight_color":"#d43747","highlight_text_color":"#000000","icon_name":"none","icon_color":"","icon_width":20,"target_url_enabled":false,"target_url":"","target_referrer_enabled":false,"target_referrer":"","target_device_enabled":false,"target_device":"mobile"}},"message":{"type":"message","settings":{"message":"Spend ||amount|| more for FREE shipping.","target_url_enabled":false,"target_url":"","target_referrer_enabled":false,"target_referrer":"","target_device_enabled":false,"target_device":"mobile"}}},"block_order":["text","message"],"settings":{"width":"wrapper--full","layout":"marquee","show_top_border":false,"show_bottom_border":true,"padding":10,"slider_speed":7,"show_arrows":false,"marquee_speed":50,"direction":"ticker-ltr","text_caps":false,"type_font":"space_mono_n4","text_size":100,"letter_spacing":0,"message_spacing":25,"bg_color":"#68c9ff","gradient":"","color":"#000000","border_color":"#ffffff"}},"header":{"type":"header","blocks":{"image":{"type":"image","disabled":true,"settings":{"position":"1","image_second_menu":false,"aspect_ratio":1.2,"wide_image":false,"title":"Best Sellers","heading_size":90,"link_text":"These bags redefine everyday carry","link":""}},"image-0":{"type":"image","disabled":true,"settings":{"position":"1","image_second_menu":false,"aspect_ratio":1.2,"wide_image":false,"title":"Sale","heading_size":90,"link_text":"Exclusive deals on right now","link":""}},"image-1":{"type":"image","disabled":true,"settings":{"position":"2","image_second_menu":false,"aspect_ratio":0.8,"wide_image":true,"title":"Metro Backpack","heading_size":90,"link_text":"Where sleek design meets smart functionality","link":""}},"image-2":{"type":"image","disabled":true,"settings":{"position":"2","image_second_menu":false,"aspect_ratio":0.8,"wide_image":true,"title":"Journey Backpack V2","heading_size":90,"link_text":"Strategically organized with a sleek silhouette","link":""}},"image-3":{"type":"image","disabled":true,"settings":{"position":"2","image_second_menu":false,"aspect_ratio":0.8,"wide_image":true,"title":"Everyday Sling","heading_size":90,"link_text":"The ideal solution for on-the-go essentials","link":""}}},"block_order":["image","image-0","image-1","image-2","image-3"],"settings":{"sticky_header":true,"link_hover_effect":"line","header_border":false,"header_border_color":"","border_opacity":50,"logo_not_home":"shopify:\/\/shop_images\/wet-logo_8e536f79-63be-4bc1-852a-86f67a5ed915.png","logo_max_width":80,"main-menu":"main-menu","main_menu_secondary":"","show_images":true,"image_aspect_ratio":1,"menu_alignment":"left","header_icons_as_text":false,"show_locale_selector":false,"show_locale_code":true,"show_country_selector":false,"show_country_name":false,"show_country_flag":false,"highlight_item":"On Sale Now","enable_custom_badge":true,"custom_badge_text":"30% off","highlight_item_color":"#d43737","header_transparent":true,"header_text_color":"white","header_gradient":true}},"mobile-menu":{"type":"mobile-menu","blocks":{"menu":{"type":"menu","settings":{"mobile_menu_linklist":"main-menu","text_size":75,"show_images":false,"image_aspect_ratio":0.5,"highlight_item":"On Sale Now","enable_custom_badge":false,"custom_badge_text":"10% OFF","highlight_item_color":"#d02e2e","padding":true,"padding_bottom":8}},"button":{"type":"button","settings":{"button_text":"Shop All","button_link":"shopify:\/\/collections\/all","button_color":"btn--white","button_style":"btn--solid-border","button_size":"btn--medium","pin_to_bottom":false,"padding_bottom":10}},"divider":{"type":"divider","disabled":true,"settings":{"show_line":true,"pin_to_bottom":true,"padding_bottom":10}},"search":{"type":"search","settings":{"text_size":100,"pin_to_bottom":true,"padding_bottom":10}},"login":{"type":"login","settings":{"text_size":100,"pin_to_bottom":true,"padding_bottom":10}},"localization":{"type":"localization","settings":{"show_locale_selector":true,"show_locale_code":true,"show_country_selector":true,"show_country_name":false,"show_country_flag":false,"pin_to_bottom":true,"padding_bottom":10}}},"block_order":["menu","button","divider","search","login","localization"],"custom_css":[],"settings":{"logo_not_home":"shopify:\/\/shop_images\/wet-logo_8e536f79-63be-4bc1-852a-86f67a5ed915.png","logo_max_width":80}}},"order":["announcement-bar","header","mobile-menu"]}