{"type":"footer","name":"Footer","sections":{"section-icons-row":{"type":"section-icons-row","blocks":{"text":{"type":"text","settings":{"icon_name":"none","title":"Free Shipping","text":""}},"text-0":{"type":"text","settings":{"icon_name":"none","title":"Free Returns","text":""}},"text-1":{"type":"text","settings":{"icon_name":"none","title":"Lifetime Guarantee","text":""}},"text-2":{"type":"text","settings":{"icon_name":"none","title":"Recycled Materials","text":""}}},"block_order":["text","text-0","text-1","text-2"],"settings":{"heading":"","subheading":"","alignment":"center","columns":4,"icons_width":20,"show_vertical_borders":false,"show_top_border":false,"show_bottom_border":false,"heading_size":80,"text_size":90,"bg_color":"#f4f4f4","gradient":"","text_color":"#000000","box_color":"","color_border":"#333333","button_text":"","button_link":"","button_color":"btn--black","button_style":"btn--solid","button_size":"btn--small","layout_mobile":"grid","width":"wrapper","padding_top":20,"padding_bottom":20}},"footer":{"type":"footer","blocks":{"link_rGAEdw":{"type":"link","settings":{"alignment":"text-left","menu":"footer","title":"LEGAL","column_width":"25"}},"link":{"type":"link","settings":{"alignment":"text-left","menu":"footer-contact","title":"SOCIALS","column_width":"25"}},"newsletter_cXewFq":{"type":"newsletter","settings":{"alignment":"text-left","title":"NEWSLETTER","uppercase_heading":false,"heading_size":100,"text":"<p>Stay up to date with the new collections, products and exclusive offers.<\/p>","button_text":"","button_color":"btn--white","button_style":"btn--solid","column_width":"25"}},"text-3":{"type":"text","disabled":true,"settings":{"alignment":"text-left","title":"Our Mission","footer_text":"<p><strong>Wet Wknd is a swimwear brand built for bold choices and sunny escapes.<\/strong><\/p>","column_width":"20"}},"link-1":{"type":"link","disabled":true,"settings":{"alignment":"text-left","menu":"","title":"Company","column_width":"20"}},"logo_full":{"type":"logo_full","settings":{"alignment":"text-right","image":"shopify:\/\/shop_images\/ww_white.png","logo_width":15,"padding_top":0}}},"block_order":["link_rGAEdw","link","newsletter_cXewFq","text-3","link-1","logo_full"],"settings":{"show_footer_wave":false,"enable_footer_parallax":true,"increase_border_radius":true,"bottom_bar_alignment":"text-left","show_social_links":true,"enable_follow_on_shop":false,"show_payment_icons":false,"enable_greyscale":false,"bottom_menu":"footer","color_text":"#ffffff","color_bg":"#000000","color_border":"#ffffff","show_locale_selector":true,"show_locale_code":true,"show_country_selector":false,"show_country_name":false,"show_country_flag":false,"width":"wrapper--full-padded","padding_top":60,"padding_bottom":60}}},"order":["section-icons-row","footer"]}