{
  "sections": {
    "article": {
      "type": "article",
      "settings": {
        "show_date": true,
        "show_author": true,
        "show_tags": true,
        "show_share_button": true,
        "text": "Share",
        "padding_top": 60,
        "padding_bottom": 60
      }
    },
    "section-recommended-posts": {
      "type": "section-recommended-posts",
      "settings": {
        "posts_type": "recent",
        "title": "Latest Posts",
        "default_color": "accent",
        "blog_style": "standard",
        "image_aspect_ratio": 0.7,
        "show_rss_icon": false,
        "show_date": false,
        "show_author": false,
        "show_tags": false,
        "show_comments_count": false,
        "width": "wrapper--narrow",
        "padding_top": 40,
        "padding_bottom": 80
      }
    }
  },
  "order": [
    "article",
    "section-recommended-posts"
  ]
}
