{
  "sections": {
    "collection-image-with-title": {
      "type": "collection-image-with-title",
      "settings": {}
    },
    "subcollections": {
      "type": "subcollections",
      "settings": {}
    },
    "collection": {
      "type": "collection",
      "blocks": {
        "promo": {
          "type": "promo",
          "settings": {
            "width": "half"
          }
        },
        "promo-0": {
          "type": "promo",
          "settings": {
            "width": "auto"
          }
        },
        "promo-1": {
          "type": "promo",
          "settings": {
            "width": "full"
          }
        }
      },
      "block_order": [
        "promo",
        "promo-0",
        "promo-1"
      ],
      "settings": {}
    }
  },
  "order": [
    "collection-image-with-title",
    "subcollections",
    "collection"
  ]
}
