{"sections":{"section-banner-image":{"type":"section-banner-image","blocks":{"subheading":{"type":"subheading","disabled":true,"settings":{"text":"<p>Welcome to<\/p>","size":100}},"heading":{"type":"heading","disabled":true,"settings":{"text":"<p>{{ collection.title }}<\/p>","size":180,"heading_highlight_type":"italics","highlight_color":"#d43747","highlight_text_color":"#000000"}},"text":{"type":"text","disabled":true,"settings":{"text":"<p>Share information about your brand, describe a product, share announcements, or welcome customers to your store.<\/p>","size":100}},"button":{"type":"button","disabled":true,"settings":{"stacked_button":false,"button_1_text":"Shop All","button_1_link":"shopify:\/\/collections\/all","button_1_color":"btn--white","button_1_style":"btn--solid-border","button_1_size":"btn--small","button_2_text":"","button_2_link":"","button_2_color":"btn--black","button_2_style":"btn--solid","button_2_size":"btn--small"}}},"block_order":["subheading","heading","text","button"],"disabled":true,"settings":{"height":"one-half-height","enable_mobile_height":true,"mobile_height":"four-fifty-height-mobile","overlay_opacity":10,"transition":"zoom-out","enable_zoom_animation":true,"enable_card_scrolling":false,"increase_border_radius":true,"content_width":80,"text_position":"left","text_alignment":"text-left","text_color":"text-light","width":"wrapper--full","padding_top":0,"padding_bottom":0}},"section-list-butttons":{"type":"section-list-butttons","blocks":{"button-0":{"type":"button","settings":{"heading":"Backpacks","button_link":"","overlay_opacity":100,"block_text_color":"#000000","bg_color":"#ffffff","border_color":"#000000"}},"button-1":{"type":"button","settings":{"heading":"Commuter","button_link":"","overlay_opacity":100,"block_text_color":"#000000","bg_color":"#ffffff","border_color":"#000000"}},"button-2":{"type":"button","settings":{"heading":"Tech","button_link":"","overlay_opacity":100,"block_text_color":"#000000","bg_color":"#ffffff","border_color":"#000000"}},"button-3":{"type":"button","settings":{"heading":"Travel","button_link":"","overlay_opacity":100,"block_text_color":"#000000","bg_color":"#ffffff","border_color":"#000000"}},"button-4":{"type":"button","settings":{"heading":"Small","button_link":"","overlay_opacity":100,"block_text_color":"#000000","bg_color":"#ffffff","border_color":"#000000"}},"button-5":{"type":"button","settings":{"heading":"Work","button_link":"","overlay_opacity":100,"block_text_color":"#000000","bg_color":"#ffffff","border_color":"#000000"}}},"block_order":["button-0","button-1","button-2","button-3","button-4","button-5"],"disabled":true,"settings":{"title":"","heading_size":100,"layout":"carousel","alignment":"center","collections_per_row":6,"columns_mobile":"1","type_style":"subheading-text","button_style":"square","text_size":100,"letter_spacing":75,"show_arrow":true,"bg_color":"#ffffff","block_text_color":"#000000","border_color":"#000000","section_bg_color":"","gradient":"","section_text_color":"","enable_slider_mobile":true,"animations_enabled":false,"width":"wrapper--full-padded","padding_top":30,"padding_bottom":30}},"collection-image-with-title":{"type":"collection-image-with-title","disabled":true,"settings":{"banner_height":"four-fifty-height","text_position":"bottom-left","show_image":true,"text_color":"text-light","overlay_opacity":10,"bg_color":"","gradient":"","padding_top":0,"padding_bottom":0}},"subcollections":{"type":"subcollections","disabled":true,"settings":{"subcollections":["backpacks","laptop-bags","accessory-bags","small-bags","tech-bags"],"limit":8,"layout":"carousel","image_source":"collection","image_aspect_ratio":0.9,"image_overlay_opacity":20,"bg_color":"","gradient":"","text_color":"text-light","padding_top":30,"padding_bottom":30}},"collection":{"type":"collection","blocks":{"promo":{"type":"promo","disabled":true,"settings":{"collection":"","promo_position":1,"width":"auto","title":"<p>New arrivals have landed<\/p>","heading_size":100,"heading_highlight_type":"circle","highlight_color":"#393939","highlight_text_color":"#000000","content":"","text_size":120,"text_color":"text-light","text_position":"center","layout":"stacked","overlay_opacity":0,"bg_color":"#545454","button_text":"Shop now","button_link":"","button_color":"btn--white","button_style":"btn--solid","button_size":"btn--small"}},"promo-0":{"type":"promo","disabled":true,"settings":{"collection":"","promo_position":11,"width":"half","title":"<p>Stay organized on the go<\/p>","heading_size":100,"heading_highlight_type":"circle","highlight_color":"#ffffff","highlight_text_color":"#000000","content":"","text_size":120,"text_color":"text-light","text_position":"center","layout":"stacked","overlay_opacity":0,"bg_color":"#545454","button_text":"Shop commuter","button_link":"","button_color":"btn--white","button_style":"btn--solid","button_size":"btn--medium"}}},"block_order":["promo","promo-0"],"settings":{"show_breadcrumbs":true,"products_per_page":24,"enable_sorting":false,"enable_filters":false,"filters_layout":"open","show_more":false,"filter_mode":"default","bg_color":"","padding_top":0,"padding_bottom":60}},"section-marquee":{"type":"section-marquee","blocks":{"text-0":{"type":"text","settings":{"text":"<p>The best gear — guaranteed.<\/p>","text_color":"","heading_highlight_type":"circle","highlight_color":"#d43747","highlight_text_color":"#000000","icon_name":"none","icon_color":"","icon_width":25,"target_device_enabled":false,"target_device":"mobile"}}},"block_order":["text-0"],"disabled":true,"settings":{"layout":"marquee","show_top_border":false,"show_bottom_border":false,"padding":15,"marquee_speed":125,"direction":"ticker-rtl","slider_speed":7,"show_arrows":false,"text_caps":false,"type_font":"space_mono_n4","text_size":450,"letter_spacing":0,"message_spacing":30,"bg_color":"rgba(0,0,0,0)","gradient":"","color":"rgba(0,0,0,0)","border_color":"#000000","padding_top":40,"padding_bottom":0}},"section-image":{"type":"section-image","disabled":true,"settings":{"height":"five-fifty-height","enable_mobile_height":true,"mobile_height":"four-fifty-height-mobile","enable_stretch":true,"image_position":"center","bg_color":"","gradient":"","width":"wrapper--full-padded","padding_top":16,"padding_bottom":50}},"section-grid":{"type":"section-grid","blocks":{"image":{"type":"image","settings":{"width":"50","overlay_opacity":10,"text_position":"center","subheading":"","title":"Best Sellers","text":"","button_1_text":"Shop Now","button_1_link":"","button_2_text":"","button_2_link":"","overlay_text_color":"text-light"}},"image-0":{"type":"image","settings":{"width":"50","overlay_opacity":10,"text_position":"center","subheading":"","title":"New Arrivals","text":"","button_1_text":"Shop Now","button_1_link":"","button_2_text":"","button_2_link":"","overlay_text_color":"text-light"}}},"block_order":["image","image-0"],"disabled":true,"settings":{"desktop_height":"five-fifty-height","enable_mobile_height":true,"mobile_height":"three-fifty-height-mobile","heading_size":130,"text_size":100,"button_1_color":"btn--white","button_1_style":"btn--text","button_1_size":"btn--small","button_2_color":"btn--black","button_2_style":"btn--text","button_2_size":"btn--small","section_bg_color":"","gradient":"","enable_slider_mobile":false,"columns_mobile":"1","overlay_text":true,"width":"wrapper--full-padded","add_gutter":true,"padding_top":30,"padding_bottom":60}},"section-text":{"type":"section-text","blocks":{"subheading-0":{"type":"subheading","disabled":true,"settings":{"text":"<p>Subheading<\/p>","size":100,"margin_bottom":16}},"heading-0":{"type":"heading","settings":{"text":"<p>WE ARE COMMITTED TO PROVIDING <em>HIGH-QUALITY<\/em>, STYLISH SWIMWEAR THAT CELEBRATES DIVERSITY, SUSTAINABILITY, AND INDIVIDUALITY, ENSURING EVERY WOMAN FEELS EFFORTLESSLY FABULOUS DURING HER WET WKND EXPERIENCE<\/p>","size":110,"heading_highlight_type":"highlight","highlight_color":"#f4f4f4","highlight_text_color":"#0c0c0f"}},"text-1":{"type":"text","disabled":true,"settings":{"text":"<p>Use this text to share information about your brand with your customers. Describe a product, share announcements, or welcome customers to your store.<\/p>","size":100}},"button-6":{"type":"button","settings":{"button_text":"Read More","button_link":"","button_color":"btn--white","button_style":"btn--text","button_size":"btn--large"}}},"block_order":["subheading-0","heading-0","text-1","button-6"],"settings":{"text_position":"center","bg_color":"#0c0c0f","gradient":"","text_color":"text-light","width":"wrapper","padding_top":60,"padding_bottom":60}}},"order":["section-banner-image","section-list-butttons","collection-image-with-title","subcollections","collection","section-marquee","section-image","section-grid","section-text"]}