{"sections":{"section-video":{"type":"section-video","settings":{"video_height":"one-half-height","enable_mobile_height":true,"mobile_height":"four-fifty-height-mobile","text_width":"narrow","text_position":"middle-center","video_link_bg":"https:\/\/cdn.shopify.com\/videos\/c\/o\/v\/7d704a927b6d45548ab29b5c70f6233b.mp4","video_link":"","overlay_opacity":10,"text_color":"text-light","title":"","heading_size":110,"heading_highlight_type":"highlight","highlight_color":"#000000","highlight_text_color":"#ffffff","text":"","text_size":100,"button_1_text":"","button_1_link":"","button_1_color":"btn--white","button_1_style":"btn--soft","button_1_size":"btn--medium","button_2_text":"","button_2_link":"","button_2_color":"btn--black","button_2_style":"btn--solid","button_2_size":"btn--medium"}},"section_grid_CDDYMb":{"type":"section-grid","blocks":{"image_9Hiawi":{"type":"image","settings":{"width":"50","image":"shopify:\/\/shop_images\/07.jpg","overlay_opacity":10,"text_position":"center","subheading":"","title":"","text":"","button_1_text":"","button_1_link":"","button_2_text":"","button_2_link":"","overlay_text_color":"text-light"}},"image_a44iMW":{"type":"image","settings":{"width":"50","image":"shopify:\/\/shop_images\/09_82cc6acd-5af1-476d-b501-9294fa4d49f6.jpg","overlay_opacity":10,"text_position":"center","subheading":"","title":"","text":"","button_1_text":"","button_1_link":"","button_2_text":"","button_2_link":"","overlay_text_color":"text-light"}}},"block_order":["image_9Hiawi","image_a44iMW"],"name":"Grid","settings":{"desktop_height":"seven-fifty-height","enable_mobile_height":true,"mobile_height":"two-fifty-height-mobile","heading_size":130,"text_size":100,"button_1_color":"btn--white","button_1_style":"btn--text","button_1_size":"btn--medium","button_2_color":"btn--black","button_2_style":"btn--text","button_2_size":"btn--medium","section_bg_color":"","gradient":"","enable_slider_mobile":false,"columns_mobile":"2","overlay_text":true,"width":"wrapper--full","add_gutter":false,"padding_top":0,"padding_bottom":60}},"section-tab-collections":{"type":"section-tab-collections","blocks":{"collection":{"type":"collection","settings":{"title":"MICRO BIKINI TOPS","tab_collection":"tops","number_of_products":4,"show_image":false,"overlay_opacity":10,"heading":"","heading_size":100,"text_color":"text-light","button_text":"Shop all backpacks","button_link":"","button_color":"btn--white","button_style":"btn--text","button_size":"btn--small"}},"collection_hhFV3D":{"type":"collection","disabled":true,"settings":{"title":"","tab_collection":"","number_of_products":6,"show_image":false,"overlay_opacity":10,"heading":"","heading_size":100,"text_color":"text-light","button_text":"View All","button_link":"","button_color":"btn--white","button_style":"btn--solid-border","button_size":"btn--medium"}},"collection-0":{"type":"collection","settings":{"title":"MICRO BIKINI BOTTOMS","tab_collection":"micro-bikini-bottoms","number_of_products":4,"show_image":false,"overlay_opacity":10,"heading":"","heading_size":100,"text_color":"text-light","button_text":"View All","button_link":"","button_color":"btn--white","button_style":"btn--solid-border","button_size":"btn--small"}}},"block_order":["collection","collection_hhFV3D","collection-0"],"custom_css":[],"settings":{"columns_mobile":"1","image_aspect_ratio":1.2,"text_alignment":"text-left","title":"NEW ARRIVALS","heading_size":100,"text":"","text_size":100,"type_style":"font-body","tab_heading_size":120,"button_position":"bottom","show_buttons":false,"collection_button_text":"Shop the collection","collection_button_color":"btn--black","collection_button_style":"btn--solid","collection_button_size":"btn--large","bg_color":"","width":"wrapper--full-padded","padding_top":60,"padding_bottom":20}},"section-banner-image":{"type":"section-banner-image","blocks":{"subheading":{"type":"subheading","settings":{"text":"<p>Countdown is on<\/p>","size":100}},"heading":{"type":"heading","settings":{"text":"<p>New styles drop<\/p>","size":160,"heading_highlight_type":"highlight","highlight_color":"#000000","highlight_text_color":"#ffffff"}},"timer":{"type":"timer","settings":{"layout_style":"stacked","end_date":"2025-8-30","end_time":"11:59","period":"am","end_message":"","digit_size":100,"unit_size":100}},"button":{"type":"button","settings":{"stacked_button":false,"button_1_text":"Shop All products","button_1_link":"shopify:\/\/collections\/all","button_1_color":"btn--white","button_1_style":"btn--outline","button_1_size":"btn--medium","button_2_text":"Shop new arrivals","button_2_link":"","button_2_color":"btn--white","button_2_style":"btn--solid","button_2_size":"btn--medium"}}},"block_order":["subheading","heading","timer","button"],"disabled":true,"custom_css":[],"settings":{"height":"seven-fifty-height","enable_mobile_height":false,"mobile_height":"original-height-mobile","overlay_opacity":0,"transition":"zoom-out","enable_zoom_animation":true,"enable_card_scrolling":true,"increase_border_radius":true,"content_width":80,"text_position":"left","text_alignment":"text-left","text_color":"text-light","width":"wrapper--full","padding_top":0,"padding_bottom":0}},"section-text":{"type":"section-text","blocks":{"heading-0":{"type":"heading","settings":{"text":"<p>Shop our <em>bestselling<\/em> categories<\/p>","size":115,"heading_highlight_type":"highlight","highlight_color":"#000000","highlight_text_color":"#ffffff"}}},"block_order":["heading-0"],"disabled":true,"settings":{"text_position":"center","bg_color":"","gradient":"","text_color":"text-dark","width":"wrapper","padding_top":60,"padding_bottom":0}},"section-multicolumn":{"type":"section-multicolumn","blocks":{"menu":{"type":"menu","settings":{"column_width":25,"menu":"","text_size":120,"link_hover_effect":"dot"}},"image":{"type":"image","settings":{"column_width":25,"image_width":66,"aspect_ratio_desktop":1.2,"aspect_ratio_mobile":1,"title":"","heading_size":90,"text":"","text_size":100,"button_text":"Compact Backpack","button_link":"","button_color":"btn--black","button_style":"btn--text","button_size":"btn--medium"}},"image-0":{"type":"image","settings":{"column_width":25,"image_width":66,"aspect_ratio_desktop":1.2,"aspect_ratio_mobile":1,"title":"","heading_size":120,"text":"","text_size":100,"button_text":"Tech Backpack","button_link":"","button_color":"btn--black","button_style":"btn--text","button_size":"btn--medium"}},"image-1":{"type":"image","settings":{"column_width":25,"image_width":66,"aspect_ratio_desktop":1.2,"aspect_ratio_mobile":1,"title":"","heading_size":120,"text":"","text_size":100,"button_text":"Metro Pro Backpack","button_link":"","button_color":"btn--black","button_style":"btn--text","button_size":"btn--medium"}}},"block_order":["menu","image","image-0","image-1"],"disabled":true,"settings":{"title":"","heading_size":120,"text":"","text_size":100,"align_heading":"text-left","align_text":"text-left","bg_color":"","gradient":"","text_color":"text-dark","layout_mobile":"stacked","width":"wrapper--full-padded","padding_top":20,"padding_bottom":20}},"section-grid":{"type":"section-grid","blocks":{"image-2":{"type":"image","disabled":true,"settings":{"width":"100","overlay_opacity":10,"text_position":"center","subheading":"Tech Savvy","title":"Gadget friendly","text":"Made for digital nomads and office workers","button_1_text":"","button_1_link":"","button_2_text":"","button_2_link":"","overlay_text_color":"text-light"}},"image-3":{"type":"image","settings":{"width":"50","image":"shopify:\/\/shop_images\/0P0A0060.jpg","overlay_opacity":10,"text_position":"center","subheading":"","title":"","text":"","button_1_text":"TOPS","button_1_link":"shopify:\/\/collections\/tops-1","button_2_text":"","button_2_link":"","overlay_text_color":"text-dark"}},"image-4":{"type":"image","settings":{"width":"50","image":"shopify:\/\/shop_images\/0P0A0069.jpg","overlay_opacity":15,"text_position":"center","subheading":"","title":"","text":"","button_1_text":"BOTTOMS","button_1_link":"shopify:\/\/collections\/bottoms-1","button_2_text":"","button_2_link":"","overlay_text_color":"text-dark"}}},"block_order":["image-2","image-3","image-4"],"settings":{"desktop_height":"six-fifty-height","enable_mobile_height":true,"mobile_height":"three-fifty-height-mobile","heading_size":130,"text_size":100,"button_1_color":"btn--white","button_1_style":"btn--solid","button_1_size":"btn--large","button_2_color":"btn--black","button_2_style":"btn--solid","button_2_size":"btn--large","section_bg_color":"","gradient":"","enable_slider_mobile":false,"columns_mobile":"1","overlay_text":true,"width":"wrapper--full","add_gutter":false,"padding_top":50,"padding_bottom":50}},"section-grid-0":{"type":"section-grid","blocks":{"image-5":{"type":"image","settings":{"width":"50","image":"shopify:\/\/shop_images\/0P0A0698.jpg","overlay_opacity":10,"text_position":"center","subheading":"","title":"Limited editions","text":"Exclusive styles you won't want to miss","button_1_text":"Shop Now","button_1_link":"","button_2_text":"","button_2_link":"","overlay_text_color":"text-light"}},"image-6":{"type":"image","settings":{"width":"50","image":"shopify:\/\/shop_images\/JCA_0167.jpg","overlay_opacity":10,"text_position":"center","subheading":"","title":"Exclusive offers","text":"Last chance to shop our seasonal sale","button_1_text":"Shop Now","button_1_link":"","button_2_text":"","button_2_link":"","overlay_text_color":"text-light"}}},"block_order":["image-5","image-6"],"disabled":true,"settings":{"desktop_height":"five-fifty-height","enable_mobile_height":true,"mobile_height":"four-fifty-height-mobile","heading_size":130,"text_size":100,"button_1_color":"btn--white","button_1_style":"btn--soft","button_1_size":"btn--medium","button_2_color":"btn--black","button_2_style":"btn--outline","button_2_size":"btn--large","section_bg_color":"","gradient":"","enable_slider_mobile":false,"columns_mobile":"1","overlay_text":true,"width":"wrapper--full-padded","add_gutter":true,"padding_top":80,"padding_bottom":80}},"section-marquee":{"type":"section-marquee","blocks":{"text":{"type":"text","settings":{"text":"<p>FREE SHIPPING ON UK ORDERS OVER £50 & INTERNATIONAL ORDERS OVER £100 <\/p>","text_color":"rgba(0,0,0,0)","heading_highlight_type":"underline-hand-drawn","highlight_color":"#000000","highlight_text_color":"","icon_name":"none","icon_color":"","icon_width":25,"target_device_enabled":false,"target_device":"mobile"}}},"block_order":["text"],"settings":{"layout":"marquee-with-parallax","show_top_border":true,"show_bottom_border":true,"padding":20,"marquee_speed":100,"direction":"ticker-ltr","slider_speed":7,"show_arrows":false,"text_caps":false,"type_font":"space_mono_n4","text_size":140,"letter_spacing":0,"message_spacing":10,"bg_color":"#ffffff","gradient":"","color":"rgba(0,0,0,0)","border_color":"#000000","padding_top":0,"padding_bottom":0}},"section_collection_86txcJ":{"type":"section-collection","name":"Featured collection","settings":{"collection":"bottoms","products_layout":"carousel","products_limit":24,"products_per_row_on_desktop":4,"columns_mobile":"2","text_alignment":"text-left","title":"<p>DROP 1<\/p>","heading_size":100,"heading_highlight_type":"underline-hand-drawn","highlight_color":"#000000","highlight_text_color":"","text":"<p>The OG line<\/p>","text_size":100,"button_position":"bottom","button_text":"SHOP THE COLLECTION","button_color":"btn--black","button_style":"btn--solid","button_size":"btn--medium","bg_color":"","enable_slider_mobile":true,"width":"wrapper--full-padded","padding_top":60,"padding_bottom":60}},"section_tab_collections_dqfy8D":{"type":"section-tab-collections","blocks":{"collection_TcqKEA":{"type":"collection","disabled":true,"settings":{"title":"MICRO BIKINI TOPS","tab_collection":"tops","number_of_products":4,"show_image":false,"overlay_opacity":10,"heading":"","heading_size":100,"text_color":"text-light","button_text":"Shop all backpacks","button_link":"","button_color":"btn--white","button_style":"btn--text","button_size":"btn--small"}},"collection_GVHaNM":{"type":"collection","settings":{"title":"TOPS","tab_collection":"bottoms","number_of_products":12,"show_image":false,"overlay_opacity":10,"heading":"","heading_size":100,"text_color":"text-light","button_text":"View All","button_link":"","button_color":"btn--white","button_style":"btn--solid-border","button_size":"btn--small"}},"collection_DWD3dU":{"type":"collection","disabled":true,"settings":{"title":"BOTTOMS","tab_collection":"bottoms","number_of_products":12,"show_image":false,"overlay_opacity":10,"heading":"","heading_size":100,"text_color":"text-light","button_text":"View All","button_link":"","button_color":"btn--white","button_style":"btn--solid-border","button_size":"btn--medium"}}},"block_order":["collection_TcqKEA","collection_GVHaNM","collection_DWD3dU"],"disabled":true,"settings":{"columns_mobile":"1","image_aspect_ratio":1.2,"text_alignment":"text-left","title":"DROP 1","heading_size":100,"text":"","text_size":100,"type_style":"font-body","tab_heading_size":120,"button_position":"bottom","show_buttons":true,"collection_button_text":"Shop the collection","collection_button_color":"btn--black","collection_button_style":"btn--solid","collection_button_size":"btn--large","bg_color":"","width":"wrapper--full-padded","padding_top":60,"padding_bottom":20}},"section-overlapping-images":{"type":"section-overlapping-images","settings":{"text_position":"right","text_alignment":"center","images_width":750,"images_offset":60,"image_1":"shopify:\/\/shop_images\/TOPLILACB_2bc7bd52-0823-493d-a799-d7ad5780e955.jpg","image_link_1":"","image_2":"shopify:\/\/shop_images\/BOTTOMLILACF.jpg","image_link_2":"","hide_image_2":false,"subheading":"","title":"<p>We've <em>redefined<\/em> the weekend<\/p>","heading_size":110,"heading_highlight_type":"highlight","highlight_color":"#000000","highlight_text_color":"#ffffff","description":"<p>Our collection of sleek, high-performance swimwear is made to move with you—mix it, match it, make it yours. From barely-there bottoms to scuba-cut tops, every piece is designed to work together, so you can choose the combo that feels right for you. Same vibe, different fits. Built for bold weekends, your way.<\/p>","text_size":100,"button_text":"","button_link":"","button_color":"btn--black","button_style":"btn--solid","button_size":"btn--small","video_text":"","video_link":"","bg_color":"","gradient":"","animation":"horizontal","animation_intensity":50,"width":"wrapper--full-padded","padding_top":100,"padding_bottom":60}},"section-divider":{"type":"section-divider","settings":{"show_line":false,"bg_color":"","gradient":"","width":"wrapper--full","padding_top":20,"padding_bottom":20}},"section-sticky-images-and-text":{"type":"section-sticky-images-and-text","blocks":{"slide":{"type":"slide","settings":{"video_url":"","truncate_text":false,"title_length":10,"content_length":15,"subheading":"New this month","title":"<p>Simplify your carry<\/p>","heading_size":130,"content":"<p>We understand that in the hustle of modern life, simplicity is key. Our bags are not just accessories; they're a deliberate choice to streamline your daily routine. With clean lines, minimalist designs, and smart organization, our bags are crafted to simplify your carry experience.<\/p>","text_size":120,"button_text":"Shop the essentials","button_link":"","button_color":"btn--white","button_style":"btn--solid","button_size":"btn--large","video_link":"","video_text":"Play video"}},"slide-0":{"type":"slide","settings":{"video_url":"","truncate_text":false,"title_length":10,"content_length":15,"subheading":"For modern living","title":"<p>Smart compartments<\/p>","heading_size":130,"content":"<p>Explore our range of smart compartments designed to adapt to your daily needs. From dedicated tech pockets to versatile storage solutions, Dynamo keeps pace with your fast-paced lifestyle.<\/p>","text_size":120,"button_text":"","button_link":"","button_color":"btn--black","button_style":"btn--solid","button_size":"btn--small","video_link":"","video_text":""}},"slide-1":{"type":"slide","settings":{"video_url":"","truncate_text":false,"title_length":10,"content_length":15,"subheading":"Intuitive Organization","title":"<p>Effortless style<\/p>","heading_size":130,"content":"<p>Say goodbye to the chaos of a cluttered bag. Dynamo brings you intuitive organization that goes beyond aesthetics. Discover how our thoughtfully designed layouts make finding and accessing your essentials a breeze, elevating your style while keeping you organized on the go.<\/p>","text_size":120,"button_text":"","button_link":"","button_color":"btn--white","button_style":"btn--solid","button_size":"btn--medium","video_link":"","video_text":""}}},"block_order":["slide","slide-0","slide-1"],"disabled":true,"settings":{"scroll_direction":"horizontal","text_alignment":"left","image_position":"","space_around_images":true,"image_width":"standard","aspect_ratio_desktop":0.9,"aspect_ratio_mobile":1.5,"show_single_text":false,"text_color":"text-light","bg_color":"#000000","gradient":"","width":"wrapper--full","padding_top":100,"padding_bottom":80}},"section-sticky-image-cards":{"type":"section-sticky-image-cards","blocks":{"card":{"type":"card","settings":{"video":"","subheading":"Simplify your carry","title":"<p>We understand that in the hustle of modern life, simplicity is key. Our bags help streamline your daily routine.<\/p>","heading_size":130,"truncate_text":false,"heading_length":15,"button_text":"Shop the essentials","button_link":"","button_color":"btn--white","button_style":"btn--outline","button_size":"btn--large"}},"card-0":{"type":"card","settings":{"video":"","subheading":"Smart compartments","title":"<p>From dedicated tech pockets to versatile storage solutions, Dynamo keeps pace with your fast-paced lifestyle.<\/p>","heading_size":130,"truncate_text":false,"heading_length":15,"button_text":"Shop the essentials","button_link":"","button_color":"btn--white","button_style":"btn--outline","button_size":"btn--large"}},"card-1":{"type":"card","settings":{"video":"","subheading":"Intuitive Organization","title":"<p>Say goodbye to the chaos of a cluttered bag. Dynamo brings you intuitive organization that goes beyond aesthetics.<\/p>","heading_size":130,"truncate_text":false,"heading_length":15,"button_text":"Shop the essentials","button_link":"","button_color":"btn--white","button_style":"btn--outline","button_size":"btn--large"}}},"block_order":["card","card-0","card-1"],"disabled":true,"settings":{"text_alignment":"left","image_position":"","aspect_ratio_desktop":1.5,"aspect_ratio_mobile":1,"layout_mobile":"sticky","text_color":"text-light","bg_color":"#000000","width":"wrapper--full-padded","padding_top":100,"padding_bottom":100}},"section-shop-the-look-banner":{"type":"section-shop-the-look-banner","blocks":{"product":{"type":"product","settings":{"product":"","position_x_desktop":31,"position_y_desktop":41,"position_x_mobile":21,"position_y_mobile":42,"info_bubbles_position_desktop":55,"info_bubbles_position_mobile":5}},"product-0":{"type":"product","settings":{"product":"","position_x_desktop":43,"position_y_desktop":70,"position_x_mobile":39,"position_y_mobile":66,"info_bubbles_position_desktop":15,"info_bubbles_position_mobile":25}}},"block_order":["product","product-0"],"disabled":true,"settings":{"aspect_ratio_desktop":0.6,"show_arrow":true,"initial_open_card":true,"product_card_aspect_ratio":0.9,"button_color":"btn--black","button_style":"btn--solid","title":"","heading_size":120,"text":"","text_size":100,"text_alignment":"text-left","aspect_ratio_mobile":1.5,"popup_heading":"Shop the Look","show_free_shipping_message":true,"text_color":"text-dark","hotspot_color":"","bg_color":"#ffffff","gradient":"","hotspot_contents_text_color":"text-dark","hotspot_contents_bg_color":"#ffffff","width":"wrapper--full-padded","padding_top":60,"padding_bottom":60}},"section-look":{"type":"section-look","blocks":{"product-1":{"type":"product","settings":{"product":"","position_x_desktop":50,"position_y_desktop":50,"position_x_mobile":50,"position_y_mobile":50,"info_bubbles_position_desktop":30,"info_bubbles_position_mobile":30}},"product-2":{"type":"product","settings":{"product":"","position_x_desktop":40,"position_y_desktop":28,"position_x_mobile":40,"position_y_mobile":29,"info_bubbles_position_desktop":10,"info_bubbles_position_mobile":10}}},"block_order":["product-1","product-2"],"disabled":true,"settings":{"products_on_row":2,"image_position":"is-reversed","enable_aspect_ratio":true,"main_image_aspect_ratio":1,"title":"Streamline your gear","heading_size":120,"text":"<p>Efficient and organized<\/p>","text_size":100,"text_alignment":"text-left","show_hotspots":true,"show_arrow":true,"popup_heading":"Shop the Look","show_free_shipping_message":true,"content_color":"text-dark","hotspot_color":"","bg_color":"#ffffff","gradient":"","hotspot_contents_text_color":"text-dark","hotspot_contents_bg_color":"#ffffff","button_text":"Shop all","button_link":"","button_color":"btn--primary","button_style":"btn--solid","button_size":"btn--large","width":"wrapper","padding_top":100,"padding_bottom":20}},"section-list-butttons":{"type":"section-list-butttons","blocks":{"button-0":{"type":"button","settings":{"heading":"TOPS","button_link":"shopify:\/\/collections\/tops-1","overlay_opacity":100,"block_text_color":"#000000","bg_color":"#ffffff","border_color":"#000000"}},"button-1":{"type":"button","settings":{"heading":"BOTTOMS","button_link":"shopify:\/\/collections\/bottoms-1","overlay_opacity":100,"block_text_color":"#000000","bg_color":"#ffffff","border_color":"#000000"}},"button_gkJyJA":{"type":"button","disabled":true,"settings":{"heading":"Button","button_link":"","overlay_opacity":100,"block_text_color":"","bg_color":"","border_color":""}},"button-2":{"type":"button","disabled":true,"settings":{"heading":"Compact","button_link":"","overlay_opacity":100,"block_text_color":"rgba(0,0,0,0)","bg_color":"rgba(0,0,0,0)","border_color":"rgba(0,0,0,0)"}},"button-3":{"type":"button","disabled":true,"settings":{"heading":"Backpacks","button_link":"","overlay_opacity":100,"block_text_color":"rgba(0,0,0,0)","bg_color":"rgba(0,0,0,0)","border_color":"rgba(0,0,0,0)"}},"button-4":{"type":"button","disabled":true,"settings":{"heading":"Commuter","button_link":"","overlay_opacity":100,"block_text_color":"rgba(0,0,0,0)","bg_color":"rgba(0,0,0,0)","border_color":"rgba(0,0,0,0)"}},"button-5":{"type":"button","disabled":true,"settings":{"heading":"Travel","button_link":"","overlay_opacity":100,"block_text_color":"rgba(0,0,0,0)","bg_color":"rgba(0,0,0,0)","border_color":"rgba(0,0,0,0)"}}},"block_order":["button-0","button-1","button_gkJyJA","button-2","button-3","button-4","button-5"],"settings":{"title":"Shop by category","heading_size":120,"layout":"grid","alignment":"center","collections_per_row":6,"columns_mobile":"2","type_style":"button-typography","button_style":"rounded","text_size":105,"letter_spacing":75,"show_arrow":true,"bg_color":"#ffffff","block_text_color":"#000000","border_color":"#000000","section_bg_color":"","gradient":"","section_text_color":"","enable_slider_mobile":false,"animations_enabled":true,"width":"wrapper","padding_top":80,"padding_bottom":80}},"section-text-0":{"type":"section-text","blocks":{"heading-1":{"type":"heading","settings":{"text":"<p>WE ARE COMMITTED TO PROVIDING <em>HIGH-QUALITY<\/em>, STYLISH SWIMWEAR THAT CELEBRATES DIVERSITY, SUSTAINABILITY, AND INDIVIDUALITY, ENSURING EVERY WOMAN FEELS EFFORTLESSLY FABULOUS DURING HER WET WKND EXPERIENCE<\/p>","size":100,"heading_highlight_type":"highlight","highlight_color":"#ffffff","highlight_text_color":"#000000"}},"button-6":{"type":"button","settings":{"button_text":"About us","button_link":"","button_color":"btn--white","button_style":"btn--text","button_size":"btn--large"}}},"block_order":["heading-1","button-6"],"settings":{"text_position":"left","bg_color":"#000000","gradient":"","text_color":"text-light","width":"wrapper","padding_top":100,"padding_bottom":100}},"section-products-with-image":{"type":"section-products-with-image","disabled":true,"settings":{"collection":"","product_list":[],"products_layout":"split-right","products_limit":8,"products_per_row_on_desktop":"2","columns_mobile":"2","overlay_opacity":10,"text_position":"middle-center","text_color":"text-light","title":"<p>Our top picks<\/p>","heading_size":100,"heading_highlight_type":"highlight","highlight_color":"#ffffff","highlight_text_color":"#000000","text":"<p>Always iconic. Handpicked to embody the epitome of style, functionality, and craftsmanship.<\/p>","text_size":100,"button_text":"Shop Now","button_link":"","button_color":"btn--white","button_style":"btn--soft","button_size":"btn--medium","bg_color":"","enable_slider_mobile":false,"width":"wrapper--full-padded","padding_top":100,"padding_bottom":100}},"section-marquee-0":{"type":"section-marquee","blocks":{"text-0":{"type":"text","settings":{"text":"<p>AUTHENICITY ALWAYS <\/p>","text_color":"","heading_highlight_type":"circle","highlight_color":"#000000","highlight_text_color":"#ffffff","icon_name":"none","icon_color":"","icon_width":23,"target_device_enabled":false,"target_device":"mobile"}},"image-7":{"type":"image","disabled":true,"settings":{"link":"","image_width":100}}},"block_order":["text-0","image-7"],"settings":{"layout":"marquee","show_top_border":false,"show_bottom_border":false,"padding":10,"marquee_speed":100,"direction":"ticker-ltr","slider_speed":7,"show_arrows":false,"text_caps":true,"type_font":"space_mono_n4","text_size":720,"letter_spacing":-25,"message_spacing":10,"bg_color":"#ffffff","gradient":"","color":"#0c0c0f","border_color":"#000000","padding_top":0,"padding_bottom":0}},"section-press":{"type":"section-press","blocks":{"press":{"type":"press","settings":{"text":"<p>With a meticulous focus on functionality, durability, and style, they have managed to captivate the hearts of tech enthusiasts and professionals alike.<\/p>","link":"","logo_width":120}},"press-0":{"type":"press","settings":{"text":"<p>Their designs blend sleek aesthetics with modern sensibilities, resulting in bags that are both sophisticated and practical.<\/p>","link":"","logo_width":120}},"press-1":{"type":"press","settings":{"text":"<p>These bags can withstand the demands of daily use and provide long-lasting protection for valuable tech gear.<\/p>","link":"","logo_width":120}}},"block_order":["press","press-0","press-1"],"disabled":true,"settings":{"title":"","show_quotations":true,"show_rounded_corners":false,"logo_opacity":50,"autoplay":true,"duration":4,"bg_color":"","gradient":"","width":"wrapper--narrow","padding_top":80,"padding_bottom":100}},"section-banner-text-columns":{"type":"section-banner-text-columns","blocks":{"column":{"type":"column","settings":{"overlay_opacity":0,"subheading":"Collection preview","heading":"Behind the scenes","text":"","button_text":"","button_link":""}},"column-0":{"type":"column","settings":{"overlay_opacity":10,"subheading":"The latest","heading":"City collection","text":"","button_text":"","button_link":""}},"column-1":{"type":"column","settings":{"overlay_opacity":10,"subheading":"Design + Production","heading":"Weatherproof FAQ","text":"","button_text":"","button_link":""}}},"block_order":["column","column-0","column-1"],"disabled":true,"settings":{"appearance":"columns","content_alignment":"center","text_alignment":"text-center","section_height":"six-fifty-height","enable_mobile_height":true,"mobile_section_height":"five-fifty-height-mobile","text_color":"text-light","button_color":"btn--white","button_style":"btn--text","button_size":"btn--small","show_single_image":false,"heading_size":90,"width":"wrapper","padding_top":0,"padding_bottom":0}},"section-newsletter":{"type":"section-newsletter","settings":{"flex_align":"align--middle-center","text_color":"text-light","title":"Stay in the loop","text":"<p>Sign up for exclusive deals and early access to new products.<\/p>","extra_fields":"","button_text":"","bg_color":"#000000","gradient":"","image_height":"two-fifty-height","overlay_opacity":10,"width":"wrapper","padding_top":80,"padding_bottom":80}}},"order":["section-video","section_grid_CDDYMb","section-tab-collections","section-banner-image","section-text","section-multicolumn","section-grid","section-grid-0","section-marquee","section_collection_86txcJ","section_tab_collections_dqfy8D","section-overlapping-images","section-divider","section-sticky-images-and-text","section-sticky-image-cards","section-shop-the-look-banner","section-look","section-list-butttons","section-text-0","section-products-with-image","section-marquee-0","section-press","section-banner-text-columns","section-newsletter"]}