{
  "sections": {
    "list-collections": {
      "type": "list-collections",
      "blocks": {
        "collection": {
          "type": "collection",
          "settings": {
            "heading": "",
            "block_text_color": "",
            "bg_color": "",
            "overlay_opacity": 30
          }
        },
        "collection-0": {
          "type": "collection",
          "settings": {
            "heading": "",
            "block_text_color": "",
            "bg_color": "",
            "overlay_opacity": 30
          }
        },
        "collection-1": {
          "type": "collection",
          "settings": {
            "heading": "",
            "block_text_color": "",
            "bg_color": "",
            "overlay_opacity": 30
          }
        },
        "collection-2": {
          "type": "collection",
          "settings": {
            "heading": "",
            "block_text_color": "",
            "bg_color": "",
            "overlay_opacity": 30
          }
        },
        "collection-3": {
          "type": "collection",
          "settings": {
            "heading": "",
            "block_text_color": "",
            "bg_color": "",
            "overlay_opacity": 30
          }
        },
        "collection-4": {
          "type": "collection",
          "settings": {
            "heading": "",
            "block_text_color": "",
            "bg_color": "",
            "overlay_opacity": 30
          }
        },
        "collection-5": {
          "type": "collection",
          "settings": {
            "heading": "",
            "block_text_color": "",
            "bg_color": "",
            "overlay_opacity": 30
          }
        },
        "collection-6": {
          "type": "collection",
          "settings": {
            "heading": "",
            "block_text_color": "",
            "bg_color": "",
            "overlay_opacity": 30
          }
        }
      },
      "block_order": [
        "collection",
        "collection-0",
        "collection-1",
        "collection-2",
        "collection-3",
        "collection-4",
        "collection-5",
        "collection-6"
      ],
      "settings": {
        "title": "Categories",
        "heading_size": 100,
        "layout": "grid",
        "alignment": "left",
        "collections_per_row": 4,
        "image_shape": "square",
        "image_aspect_ratio": 1.3,
        "text_size": 100,
        "overlay_text": false,
        "section_bg_color": "",
        "section_text_color": "",
        "width": "wrapper--full-padded",
        "padding_top": 60,
        "padding_bottom": 60
      }
    }
  },
  "order": [
    "list-collections"
  ]
}
