{
  "sections": {
    "main-page": {
      "type": "main-page",
      "disabled": true,
      "settings": {
        "show_page_title": true,
        "bg_color": "",
        "gradient": "",
        "padding_top": 60,
        "padding_bottom": 60
      }
    },
    "section-banner-image": {
      "type": "section-banner-image",
      "blocks": {
        "subheading": {
          "type": "subheading",
          "settings": {
            "text": "<p>About</p>",
            "size": 100
          }
        },
        "heading": {
          "type": "heading",
          "settings": {
            "text": "<p>Our Story</p>",
            "size": 180,
            "heading_highlight_type": "italics",
            "highlight_color": "#000000",
            "highlight_text_color": "#ffffff"
          }
        }
      },
      "block_order": [
        "subheading",
        "heading"
      ],
      "settings": {
        "height": "six-fifty-height",
        "enable_mobile_height": true,
        "mobile_height": "four-fifty-height-mobile",
        "overlay_opacity": 10,
        "transition": "zoom-out",
        "enable_zoom_animation": true,
        "enable_card_scrolling": false,
        "increase_border_radius": true,
        "text_position": "center",
        "text_alignment": "text-center",
        "text_color": "text-light",
        "width": "wrapper--full",
        "padding_top": 0,
        "padding_bottom": 0
      }
    },
    "section-text": {
      "type": "section-text",
      "blocks": {
        "text": {
          "type": "text",
          "settings": {
            "text": "<p>Sustainability is at the forefront of everything we do. We create durable, longlasting products made with high quality fabrics and materials that'll hold up for any activity.</p>",
            "size": 130
          }
        }
      },
      "block_order": [
        "text"
      ],
      "settings": {
        "text_position": "center",
        "bg_color": "",
        "gradient": "",
        "text_color": "text-dark",
        "width": "wrapper--narrow",
        "padding_top": 90,
        "padding_bottom": 40
      }
    },
    "section-overlapping-images": {
      "type": "section-overlapping-images",
      "settings": {
        "text_position": "right",
        "text_alignment": "center",
        "images_width": 750,
        "images_offset": 100,
        "image_link_1": "",
        "image_link_2": "",
        "hide_image_2": false,
        "title": "<p>Our Vision <em>Elevate Everyday</em></p>",
        "heading_size": 120,
        "heading_highlight_type": "highlight",
        "highlight_color": "#393939",
        "highlight_text_color": "#ffffff",
        "description": "<p>With the best available materials for both people and the planet, we make our gear to last. By prioritizing style and performance without sacrificing the environment, we're redefining the industry.</p>",
        "button_text": "",
        "button_color": "btn--black",
        "button_style": "btn--solid",
        "button_size": "btn--large",
        "video_text": "",
        "video_link": "",
        "bg_color": "",
        "gradient": "",
        "animation": "horizontal",
        "animation_intensity": 50,
        "width": "wrapper--full-padded",
        "padding_top": 60,
        "padding_bottom": 60
      }
    },
    "section-press": {
      "type": "section-press",
      "blocks": {
        "press": {
          "type": "press",
          "settings": {
            "text": "<p>Game-changing utility bags and accessories that'll make you never look back.</p>",
            "link": "",
            "logo_width": 130
          }
        },
        "press-0": {
          "type": "press",
          "settings": {
            "text": "<p>The ethos behind this company is beyond admirable. They deserve all the praise they've received! </p>",
            "link": "",
            "logo_width": 90
          }
        },
        "press-1": {
          "type": "press",
          "settings": {
            "text": "<p>Recreational bags that are both functional and look good? I can't get enough.</p>",
            "link": "",
            "logo_width": 120
          }
        }
      },
      "block_order": [
        "press",
        "press-0",
        "press-1"
      ],
      "settings": {
        "title": "Press",
        "show_quotations": true,
        "show_rounded_corners": false,
        "logo_opacity": 50,
        "autoplay": true,
        "duration": 4,
        "bg_color": "",
        "gradient": "",
        "width": "wrapper--narrow",
        "padding_top": 60,
        "padding_bottom": 60
      }
    },
    "section-overlapping-images-0": {
      "type": "section-overlapping-images",
      "settings": {
        "text_position": "left",
        "text_alignment": "center",
        "images_width": 750,
        "images_offset": 100,
        "image_link_1": "",
        "image_link_2": "",
        "hide_image_2": false,
        "title": "<p>Design That Matters <em>Form Meets Function</em></p>",
        "heading_size": 100,
        "heading_highlight_type": "highlight",
        "highlight_color": "#393939",
        "highlight_text_color": "#ffffff",
        "description": "<p>Our design philosophy revolves around creating pieces that are not only visually stunning but also serve a purpose in your daily hustle. Each Dynamo bag is meticulously crafted, blending form and function seamlessly.</p>",
        "button_text": "",
        "button_color": "btn--black",
        "button_style": "btn--solid",
        "button_size": "btn--large",
        "video_text": "",
        "video_link": "",
        "bg_color": "",
        "gradient": "",
        "animation": "horizontal",
        "animation_intensity": 50,
        "width": "wrapper--full-padded",
        "padding_top": 60,
        "padding_bottom": 80
      }
    },
    "section-columns": {
      "type": "section-columns",
      "blocks": {
        "text_block": {
          "type": "text_block",
          "settings": {
            "title": "Recycled Cardboard",
            "text": "<p>All of our packaging is made for 100% recycled cardboard, including shipping inserts.</p>",
            "button_text": "",
            "button_link": "",
            "button_color": "btn--black",
            "button_style": "text",
            "button_size": "btn--small",
            "video_link_popup": "",
            "video_link_color": "text-dark"
          }
        },
        "text_block-0": {
          "type": "text_block",
          "settings": {
            "title": "Renewable Fabrics",
            "text": "<p>Hemp, Linen, and Wool make up the main fabrics used in our clothing.</p>",
            "button_text": "",
            "button_link": "",
            "button_color": "btn--black",
            "button_style": "text",
            "button_size": "btn--small",
            "video_link_popup": "",
            "video_link_color": "text-dark"
          }
        },
        "text_block-1": {
          "type": "text_block",
          "settings": {
            "title": "Recycled Plastic Bottles",
            "text": "<p>A portion of our backpacks and bags are made using recycled plastic bottles.</p>",
            "button_text": "",
            "button_link": "",
            "button_color": "btn--black",
            "button_style": "text",
            "button_size": "btn--small",
            "video_link_popup": "",
            "video_link_color": "text-dark"
          }
        }
      },
      "block_order": [
        "text_block",
        "text_block-0",
        "text_block-1"
      ],
      "settings": {
        "title": "Sustainability + Manufacturing",
        "heading_size": 120,
        "align_text": "text-center",
        "columns": 3,
        "columns_mobile": "1",
        "show_images": true,
        "show_borders": false,
        "equalize_height": true,
        "desktop_aspect_ratio": 0.8,
        "mobile_aspect_ratio": 0.8,
        "bg_color": "",
        "gradient": "",
        "color_borders": "#000000",
        "layout_mobile": "carousel",
        "width": "wrapper--full-padded",
        "padding_top": 60,
        "padding_bottom": 80
      }
    }
  },
  "order": [
    "main-page",
    "section-banner-image",
    "section-text",
    "section-overlapping-images",
    "section-press",
    "section-overlapping-images-0",
    "section-columns"
  ]
}
