{"sections":{"main":{"type":"main-page","settings":{"show_page_title":false,"bg_color":"","gradient":"","padding_top":60,"padding_bottom":60}},"section_banner_image_LBUjAX":{"type":"section-banner-image","blocks":{"subheading_ekyDj8":{"type":"subheading","settings":{"text":"<p>Welcome to<\/p>","size":100}},"heading_3bjYyH":{"type":"heading","settings":{"text":"<p>Palo Alto<\/p>","size":180,"heading_highlight_type":"underline-hand-drawn","highlight_color":"#000000","highlight_text_color":""}},"text_U3YKc9":{"type":"text","settings":{"text":"<p>Share information about your brand, describe a product, share announcements, or welcome customers to your store.<\/p>","size":100}},"button_RNEHnQ":{"type":"button","settings":{"stacked_button":false,"button_1_text":"Shop All","button_1_link":"shopify:\/\/collections\/all","button_1_color":"btn--white","button_1_style":"btn--solid-border","button_1_size":"btn--medium","button_2_text":"","button_2_link":"","button_2_color":"btn--black","button_2_style":"btn--solid","button_2_size":"btn--medium"}}},"block_order":["subheading_ekyDj8","heading_3bjYyH","text_U3YKc9","button_RNEHnQ"],"disabled":true,"name":"Banner image","settings":{"height":"six-fifty-height","enable_mobile_height":false,"mobile_height":"four-fifty-height-mobile","overlay_opacity":10,"transition":"zoom-out","enable_zoom_animation":true,"enable_card_scrolling":false,"increase_border_radius":true,"content_width":80,"text_position":"left","text_alignment":"text-left","text_color":"text-light","width":"wrapper--full","padding_top":0,"padding_bottom":0}},"section_image_zLLJTw":{"type":"section-image","disabled":true,"name":"Image","settings":{"image":"shopify:\/\/shop_images\/JCA_0167.jpg","height":"full-height","enable_mobile_height":false,"mobile_height":"original-height-mobile","enable_stretch":true,"image_position":"left","bg_color":"","gradient":"","width":"wrapper--full","padding_top":0,"padding_bottom":0}},"section_video_EdNWtK":{"type":"section-video","name":"Video","settings":{"video_height":"seven-fifty-height","enable_mobile_height":false,"mobile_height":"six-fifty-height-mobile","text_width":"normal","text_position":"middle-center","video_link_bg":"https:\/\/cdn.shopify.com\/videos\/c\/o\/v\/3c5cb5673d604007ac9f1e3f29fd3333.mp4","video_link":"","overlay_opacity":10,"text_color":"text-light","title":"","heading_size":100,"heading_highlight_type":"underline-hand-drawn","highlight_color":"#000000","highlight_text_color":"","text":"","text_size":100,"button_1_text":"","button_1_link":"","button_1_color":"btn--white","button_1_style":"btn--solid-border","button_1_size":"btn--medium","button_2_text":"","button_2_link":"","button_2_color":"btn--black","button_2_style":"btn--solid","button_2_size":"btn--medium"}},"section_split_images_tFwnRJ":{"type":"section-split-images","blocks":{"image_MEPW9g":{"type":"image","settings":{"image":"shopify:\/\/shop_images\/0P0A0799.jpg"}},"image_mD76cB":{"type":"image","settings":{"image":"shopify:\/\/shop_images\/about.png","image_mobile":"shopify:\/\/shop_images\/about.png"}}},"block_order":["image_MEPW9g","image_mD76cB"],"disabled":true,"name":"Split images","settings":{"image_height":"seven-fifty-height","enable_mobile_height":false,"mobile_image_height":"five-fifty-height-mobile","mobile_layout":"split","text_position":"middle-center","overlay_opacity":0,"width":"wrapper--full-padded","text_color":"text-light","title":"","heading_size":120,"heading_highlight_type":"underline-hand-drawn","highlight_color":"#ffffff","highlight_text_color":"","text":"","text_size":70,"button_1_text":"","button_1_link":"","button_1_color":"btn--white","button_1_style":"btn--solid-border","button_1_size":"btn--medium","button_2_text":"","button_2_link":"","button_2_color":"btn--black","button_2_style":"btn--solid","button_2_size":"btn--medium"}},"section_split_images_7ekpbe":{"type":"section-split-images","blocks":{"image_qma8pc":{"type":"image","settings":{"image":"shopify:\/\/shop_images\/filler.png"}},"image_aHVDaL":{"type":"image","settings":{"image":"shopify:\/\/shop_images\/02.jpg","image_mobile":"shopify:\/\/shop_images\/about.png"}}},"block_order":["image_qma8pc","image_aHVDaL"],"disabled":true,"name":"Split images","settings":{"image_height":"seven-fifty-height","enable_mobile_height":false,"mobile_image_height":"six-fifty-height-mobile","mobile_layout":"split","text_position":"middle-center","overlay_opacity":0,"width":"wrapper--narrow","text_color":"text-light","title":"","heading_size":120,"heading_highlight_type":"underline-hand-drawn","highlight_color":"#000000","highlight_text_color":"","text":"","text_size":100,"button_1_text":"","button_1_link":"","button_1_color":"btn--white","button_1_style":"btn--solid-border","button_1_size":"btn--medium","button_2_text":"","button_2_link":"","button_2_color":"btn--black","button_2_style":"btn--solid","button_2_size":"btn--medium"}},"section_split_images_iQyVhH":{"type":"section-split-images","blocks":{"image_NddWCK":{"type":"image","settings":{"image":"shopify:\/\/shop_images\/04_f9be73eb-97ad-4634-9450-d18812103a23.jpg"}},"image_Xg3j3t":{"type":"image","settings":{"image":"shopify:\/\/shop_images\/03_f197756e-c148-4f58-ba58-a83a806cd93f.jpg"}}},"block_order":["image_NddWCK","image_Xg3j3t"],"disabled":true,"name":"Split images","settings":{"image_height":"seven-fifty-height","enable_mobile_height":false,"mobile_image_height":"five-fifty-height-mobile","mobile_layout":"split","text_position":"middle-center","overlay_opacity":0,"width":"wrapper--narrow","text_color":"text-light","title":"","heading_size":120,"heading_highlight_type":"underline-hand-drawn","highlight_color":"#000000","highlight_text_color":"","text":"","text_size":100,"button_1_text":"","button_1_link":"","button_1_color":"btn--white","button_1_style":"btn--solid-border","button_1_size":"btn--medium","button_2_text":"","button_2_link":"","button_2_color":"btn--black","button_2_style":"btn--solid","button_2_size":"btn--medium"}},"section_split_images_36F9Vg":{"type":"section-split-images","blocks":{"image_AqcBxk":{"type":"image","settings":{"image":"shopify:\/\/shop_images\/05.jpg"}},"image_JnqtD3":{"type":"image","settings":{"image":"shopify:\/\/shop_images\/06.jpg"}}},"block_order":["image_AqcBxk","image_JnqtD3"],"disabled":true,"name":"Split images","settings":{"image_height":"seven-fifty-height","enable_mobile_height":false,"mobile_image_height":"five-fifty-height-mobile","mobile_layout":"split","text_position":"middle-center","overlay_opacity":0,"width":"wrapper--narrow","text_color":"text-light","title":"","heading_size":120,"heading_highlight_type":"underline-hand-drawn","highlight_color":"#000000","highlight_text_color":"","text":"","text_size":100,"button_1_text":"","button_1_link":"","button_1_color":"btn--white","button_1_style":"btn--solid-border","button_1_size":"btn--medium","button_2_text":"","button_2_link":"","button_2_color":"btn--black","button_2_style":"btn--solid","button_2_size":"btn--medium"}},"section_grid_FM44c9":{"type":"section-grid","blocks":{"image_9Vn39Y":{"type":"image","settings":{"width":"50","image":"shopify:\/\/shop_images\/about.png","overlay_opacity":0,"text_position":"center","subheading":"","title":"","text":"","button_1_text":"","button_1_link":"","button_2_text":"","button_2_link":"","overlay_text_color":"text-light"}},"image_KJA8AF":{"type":"image","settings":{"width":"50","image":"shopify:\/\/shop_images\/02.jpg","overlay_opacity":10,"text_position":"center","subheading":"","title":"","text":"","button_1_text":"","button_1_link":"","button_2_text":"","button_2_link":"","overlay_text_color":"text-light"}},"image_6eG398":{"type":"image","settings":{"width":"50","image":"shopify:\/\/shop_images\/04_f9be73eb-97ad-4634-9450-d18812103a23.jpg","overlay_opacity":10,"text_position":"center","subheading":"","title":"","text":"","button_1_text":"","button_1_link":"","button_2_text":"","button_2_link":"","overlay_text_color":"text-light"}},"image_cxqrjy":{"type":"image","settings":{"width":"50","image":"shopify:\/\/shop_images\/03_f197756e-c148-4f58-ba58-a83a806cd93f.jpg","overlay_opacity":10,"text_position":"center","subheading":"","title":"","text":"","button_1_text":"","button_1_link":"","button_2_text":"","button_2_link":"","overlay_text_color":"text-light"}},"image_A8mW9k":{"type":"image","settings":{"width":"50","image":"shopify:\/\/shop_images\/05.jpg","overlay_opacity":10,"text_position":"center","subheading":"","title":"","text":"","button_1_text":"","button_1_link":"","button_2_text":"","button_2_link":"","overlay_text_color":"text-light"}},"image_pxX9cA":{"type":"image","settings":{"width":"50","image":"shopify:\/\/shop_images\/06_f205e29b-991a-40ca-858a-2b28cebfe8ef.jpg","overlay_opacity":10,"text_position":"center","subheading":"","title":"","text":"","button_1_text":"","button_1_link":"","button_2_text":"","button_2_link":"","overlay_text_color":"text-light"}}},"block_order":["image_9Vn39Y","image_KJA8AF","image_6eG398","image_cxqrjy","image_A8mW9k","image_pxX9cA"],"name":"Grid","settings":{"desktop_height":"original-height","enable_mobile_height":false,"mobile_height":"four-fifty-height-mobile","heading_size":130,"text_size":100,"button_1_color":"btn--white","button_1_style":"btn--text","button_1_size":"btn--medium","button_2_color":"btn--black","button_2_style":"btn--text","button_2_size":"btn--medium","section_bg_color":"","gradient":"","enable_slider_mobile":true,"columns_mobile":"1","overlay_text":true,"width":"wrapper--full","add_gutter":false,"padding_top":0,"padding_bottom":0}}},"order":["main","section_banner_image_LBUjAX","section_image_zLLJTw","section_video_EdNWtK","section_split_images_tFwnRJ","section_split_images_7ekpbe","section_split_images_iQyVhH","section_split_images_36F9Vg","section_grid_FM44c9"]}