{
  "sections": {
    "main-page": {
      "type": "main-page",
      "disabled": true,
      "settings": {
        "show_page_title": true,
        "bg_color": "",
        "gradient": "",
        "padding_top": 60,
        "padding_bottom": 60
      }
    },
    "section-image-with-text": {
      "type": "section-image-with-text",
      "blocks": {
        "heading": {
          "type": "heading",
          "settings": {
            "title": "<p>FAQ</p>",
            "size": 130,
            "text_position": "center",
            "heading_highlight_type": "underline-hand-drawn",
            "highlight_color": "#000",
            "highlight_text_color": "",
            "spacing_bottom": 12
          }
        },
        "text": {
          "type": "text",
          "settings": {
            "text": "<p>Here are the answers to some of our common questions.</p><p>Still need a hand? <a href=\"https://palo-alto-theme.myshopify.com/pages/contact-us-1\" title=\"Contact Us\">Get in touch</a>.</p>",
            "size": 100,
            "text_position": "center",
            "spacing_bottom": 12
          }
        }
      },
      "block_order": [
        "heading",
        "text"
      ],
      "settings": {
        "show_accordion_divider": true,
        "increase_border_radius": false,
        "section_height": "six-fifty-height",
        "enable_mobile_height": false,
        "mobile_height": "four-fifty-height-mobile",
        "layout": "inline",
        "image_location": "left",
        "image_width": "standard",
        "block_bg_color": "",
        "text_color": "text-dark",
        "bg_color": "",
        "gradient": "",
        "section_width": "wrapper",
        "add_gutter": true,
        "padding_top": 60,
        "padding_bottom": 60
      }
    },
    "section-accordions": {
      "type": "section-accordions",
      "blocks": {
        "text-0": {
          "type": "text",
          "settings": {
            "title": "Do you ship internationally?",
            "text": "<p>Yes, we ship worldwide.</p>"
          }
        },
        "text-1": {
          "type": "text",
          "settings": {
            "title": "Does it cost extra for shipping?",
            "text": "<p>We offer free shipping in the lower 48 states and offer shipping options for all other locations.</p>"
          }
        },
        "text-2": {
          "type": "text",
          "settings": {
            "title": "How long will it take to receive my order?",
            "text": "<p>Free shipping takes 5-7 business days. You can choose to pay extra for faster shipping.</p>"
          }
        }
      },
      "block_order": [
        "text-0",
        "text-1",
        "text-2"
      ],
      "settings": {
        "layout": "one-column",
        "show_accordion_divider": false,
        "line_thickness": "normal",
        "title": "Shipping",
        "type_style": "font-heading",
        "heading_size": 120,
        "subheading": "",
        "text": "",
        "tabs_bg_color": "#f5f5f5",
        "bg_color": "",
        "gradient": "",
        "text_color": "text-dark",
        "border_color": "",
        "width": "wrapper--narrow",
        "padding_top": 60,
        "padding_bottom": 60
      }
    },
    "section-accordions-0": {
      "type": "section-accordions",
      "blocks": {
        "text-3": {
          "type": "text",
          "settings": {
            "title": "Can I return my order if I don't like it?",
            "text": "<p>Yes, we gladly accept returns and offer a full refund.</p>"
          }
        },
        "text-4": {
          "type": "text",
          "settings": {
            "title": "Do you have an option to give as a gift?",
            "text": "<p>Sorry, but we do not offer any gifting services at this time.</p>"
          }
        },
        "text-5": {
          "type": "text",
          "settings": {
            "title": "What do I do if my product was damaged?",
            "text": "<p>We are sorry for the inconvenience! Contact our support team so we can file the details and make it right for you.<br/></p>"
          }
        }
      },
      "block_order": [
        "text-3",
        "text-4",
        "text-5"
      ],
      "settings": {
        "layout": "one-column",
        "show_accordion_divider": false,
        "line_thickness": "normal",
        "title": "Orders",
        "type_style": "font-heading",
        "heading_size": 120,
        "subheading": "",
        "text": "",
        "tabs_bg_color": "#f5f5f5",
        "bg_color": "",
        "gradient": "",
        "text_color": "text-dark",
        "border_color": "",
        "width": "wrapper--narrow",
        "padding_top": 60,
        "padding_bottom": 60
      }
    },
    "section-accordions-1": {
      "type": "section-accordions",
      "blocks": {
        "text-6": {
          "type": "text",
          "settings": {
            "title": "How do I wash my bag?",
            "text": "<p>You can wash it on a gentle cycle and then hang it to dry.</p>"
          }
        },
        "text-7": {
          "type": "text",
          "settings": {
            "title": "Do you offer extended warranty?",
            "text": "<p>An extended lifetime warranty can be added to your products for an additional cost.<br/><br/>Please get in touch for more information about extended warranties.</p>"
          }
        }
      },
      "block_order": [
        "text-6",
        "text-7"
      ],
      "settings": {
        "layout": "one-column",
        "show_accordion_divider": false,
        "line_thickness": "normal",
        "title": "Product Care",
        "type_style": "font-heading",
        "heading_size": 120,
        "subheading": "",
        "text": "",
        "tabs_bg_color": "#f5f5f5",
        "bg_color": "",
        "gradient": "",
        "text_color": "text-dark",
        "border_color": "",
        "width": "wrapper--narrow",
        "padding_top": 60,
        "padding_bottom": 80
      }
    }
  },
  "order": [
    "main-page",
    "section-image-with-text",
    "section-accordions",
    "section-accordions-0",
    "section-accordions-1"
  ]
}
