{"sections":{"main-page":{"type":"main-page","disabled":true,"settings":{"show_page_title":false,"bg_color":"","gradient":"","padding_top":60,"padding_bottom":60}},"section-image-with-text":{"type":"section-image-with-text","disabled":true,"settings":{"show_accordion_divider":true,"increase_border_radius":false,"section_height":"six-fifty-height","enable_mobile_height":false,"mobile_height":"four-fifty-height-mobile","layout":"inline","image_location":"left","image_width":"standard","block_bg_color":"","text_color":"text-dark","bg_color":"","gradient":"","section_width":"wrapper","add_gutter":true,"padding_top":60,"padding_bottom":60}},"section-contact-form":{"type":"section-contact-form","blocks":{"heading":{"type":"heading","settings":{"title":""}},"text":{"type":"text","settings":{"title":"Name","required":false}},"email":{"type":"email","settings":{"title":"Email","required":true}},"select":{"type":"select","settings":{"title":"Select an option","label-one":"Select option one","label-two":"Select option two","label-three":"Select option three","label-four":"Select option four","label-five":"Select option five","label-six":"Select option six"}},"radio":{"type":"radio","settings":{"title":"Pick an option","required":false,"label-one":"Option one","label-two":"Option two","label-three":"","label-four":"","label-five":"","label-six":""}},"body":{"type":"body","settings":{"title":"Message","required":true}},"checkbox":{"type":"checkbox","settings":{"title":"Yes, I would like to receive Marketing newsletters","required":false}}},"block_order":["heading","text","email","select","radio","body","checkbox"],"settings":{"button_color":"btn--black","button_style":"btn--solid","button_size":"btn--large","bg_color":"","gradient":"","width":"wrapper--narrow","padding_top":40,"padding_bottom":60}},"section-accordions":{"type":"section-accordions","blocks":{"text-0":{"type":"text","settings":{"title":"How long does it take to get my products?","text":"<p>Domestic shipping can take up to 5 business days.<br\/><br\/>Foreign shipping could take up to 14 business days.<br\/><br\/>Due to global supply chain challenges, shipping times could be longer than usual.<\/p>"}},"text-1":{"type":"text","settings":{"title":"Do you offer warranty for your products?","text":"<p>All our products are subject to quality control.<br\/><br\/>Our warranty provides a guarantee against manufacturer defects.<br\/><br\/>The guarantee covers any manufacturing, design, or material defect. Please notify us within 2 months of noticing any defects.<br\/><br\/>It does not cover blows, improper use, or other issues that are not attributable to a manufacturer defects.<\/p>"}},"text-2":{"type":"text","settings":{"title":"Do you offer refunds?","text":"<p>Yes, we offer full and partial refunds.<br\/><br\/>Please enquire for more information about our Refund policy.<\/p>"}},"text-3":{"type":"text","settings":{"title":"What shipping methods do you offer?","text":"<p>We use all major carriers, and local courier partners. Use the shipping estimator in the cart to check your shipping rates.<\/p>"}}},"block_order":["text-0","text-1","text-2","text-3"],"settings":{"layout":"two-columns","show_accordion_divider":false,"line_thickness":"normal","subheading":"","title":"Frequently Asked Questions","type_style":"font-heading","heading_size":120,"text":"","tabs_bg_color":"#fafafa","bg_color":"","gradient":"","text_color":"text-dark","border_color":"","width":"wrapper","padding_top":60,"padding_bottom":60}},"section-locations":{"type":"section-locations","blocks":{"locations":{"type":"locations","settings":{"title":"123 Fake Street, Los Angeles","working_time":"<p>Mon - Fri: 8am - 8pm<\/p><p>Sat: 10am - 6pm<\/p><p>Sun: 12pm - 6pm<\/p>"}},"locations-0":{"type":"locations","settings":{"title":"566 Emerson Street, Palo Alto","working_time":"<p>Mon - Fri: 8am - 5pm<\/p><p>Sat: 10am - 6pm<\/p><p>Sun: 12pm - 6pm<\/p>"}}},"block_order":["locations","locations-0"],"disabled":true,"settings":{"subheading":"Our stores","title":"Locations & hours","bg_color":"","gradient":"","padding_top":60,"padding_bottom":60}},"section_image_MMC6MV":{"type":"section-image","name":"Image","settings":{"image":"shopify:\/\/shop_images\/JCA_1729_3jpg2.jpg","height":"original-height","enable_mobile_height":false,"mobile_height":"original-height-mobile","enable_stretch":true,"image_position":"center","bg_color":"","gradient":"","width":"wrapper--full","padding_top":0,"padding_bottom":0}}},"order":["main-page","section-image-with-text","section-contact-form","section-accordions","section-locations","section_image_MMC6MV"]}