{"sections":{"product":{"type":"product","blocks":{"title_pi3y9b":{"type":"title","settings":{"subheading":"none","title_size":100,"price_size":100,"bold_price":false,"padding_bottom":20}},"siblings_wnr9zN":{"type":"siblings","settings":{"text":"Colour","siblings_product_list":"{{ product.metafields.custom.sibling_group.value.products.value }}","show_siblings_images":false,"padding_bottom":0}},"form_AxPKM7":{"type":"form","settings":{"show_labels":true,"show_quantity":true,"show_payment_button":true,"enable_subscriptions_selectors":true,"padding_bottom":20}},"description_kMPQWh":{"type":"description","settings":{"enable_full_width":false,"padding_bottom":20}},"fit_guide_BNdE7d":{"type":"fit-guide","disabled":true,"settings":{"heading":"Fit","selected_segment":"4","left_label":"Small","middle_label":"True to size","right_label":"Large","fit_color":"","padding_bottom":20}},"product_accordion_accLHb":{"type":"product_accordion","settings":{"show_description":false,"show_read_more":true,"open_by_default":false,"enable_full_width":false,"tabs_bg_color":"","text_color":"text-dark","show_accordion_divider":true,"line_thickness":"normal","accordion_heading":"DESCRIPTION & FEATURES","heading_style":"font-body","accordion_text":"<ul><li>High-quality, durable fabric<\/li><li>Triangle bikini top<\/li><li> Green piping<\/li><li>Metal toggle at tie ends <\/li><li>Subtle metal WetWknd branding decal on back  <\/li><\/ul>","accordion_page":"","padding_bottom":20}},"product_accordion_VnczEV":{"type":"product_accordion","settings":{"show_description":false,"show_read_more":true,"open_by_default":false,"enable_full_width":false,"tabs_bg_color":"","text_color":"text-dark","show_accordion_divider":true,"line_thickness":"normal","accordion_heading":"FABRIC & CARE","heading_style":"font-body","accordion_text":"<p>82% Nylon 18% Spandex<\/p><p><\/p><p>Machine was with similar colours.Do not bleach. Do not dry clean. Rinse in clean water immediately after use.<\/p>","accordion_page":"","padding_bottom":20}},"product_accordion_9b3XJK":{"type":"product_accordion","settings":{"show_description":false,"show_read_more":true,"open_by_default":false,"enable_full_width":false,"tabs_bg_color":"","text_color":"text-dark","show_accordion_divider":true,"line_thickness":"normal","accordion_heading":"SHIPPING & RETURNS","heading_style":"font-body","accordion_text":"<p>Delivery Time<br\/>United Kingdom: Delivery times vary but typically take 3-5 business days.<br\/>Europe: Delivery typically takes 5-10 business days.<br\/>Australia: Delivery typically takes 10-15 business days.<\/p><p><\/p><p>More information about shipping <a href=\"\/pages\/shipping\" target=\"_blank\" title=\"SHIPPING\">here<\/a><\/p><p>Information about returns <a href=\"\/pages\/returns\" target=\"_blank\" title=\"Returns\">here<\/a><\/p>","accordion_page":"","padding_bottom":20}}},"block_order":["title_pi3y9b","siblings_wnr9zN","form_AxPKM7","description_kMPQWh","fit_guide_BNdE7d","product_accordion_accLHb","product_accordion_VnczEV","product_accordion_9b3XJK"],"settings":{"product_sticky_enable":true,"image_layout":"stacked","image_width":"large","product_image_aspect_ratio":false,"enable_zoom":true,"enable_video_looping":false,"bg_color":"","gradient":"","width":"wrapper","padding_top":60,"padding_bottom":60}},"section-image":{"type":"section-image","disabled":true,"settings":{"height":"six-fifty-height","enable_mobile_height":true,"mobile_height":"one-third-height-mobile","enable_stretch":true,"image_position":"center","bg_color":"","gradient":"","width":"wrapper","padding_top":20,"padding_bottom":100}},"section-image-with-text":{"type":"section-image-with-text","blocks":{"heading":{"type":"heading","settings":{"title":"<p>Image with text<\/p>","size":120,"text_position":"left","heading_highlight_type":"underline-hand-drawn","highlight_color":"#000000","highlight_text_color":"","spacing_bottom":12}},"text-0":{"type":"text","settings":{"text":"<p>Use this text to share information about your brand with your customers. Describe a product, share announcements, or welcome customers to your store.<\/p>","size":100,"text_position":"left","spacing_bottom":12}},"text-1":{"type":"text","settings":{"text":"<p>Use this text to share information about your brand with your customers. Describe a product, share announcements, or welcome customers to your store.<\/p>","size":100,"text_position":"left","spacing_bottom":12}}},"block_order":["heading","text-0","text-1"],"disabled":true,"settings":{"show_accordion_divider":true,"increase_border_radius":false,"section_height":"six-fifty-height","enable_mobile_height":false,"mobile_height":"four-fifty-height-mobile","layout":"inline","image_location":"right","image_width":"standard","block_bg_color":"","text_color":"text-dark","bg_color":"#f4f4f4","gradient":"","section_width":"wrapper","add_gutter":true,"padding_top":60,"padding_bottom":60}},"section-accordions":{"type":"section-accordions","blocks":{"text-2":{"type":"text","settings":{"title":"Does this product come with a warranty?","text":"<p>All our products are subject to quality control.<br\/><br\/>Our warranty provides a guarantee against manufacturer defects.<br\/><br\/>The guarantee covers any manufacturing, design, or material defect. Please notify us within 2 months of noticing any defects.<br\/><br\/>It does not cover blows, improper use, or other issues that are not attributable to a manufacturer defects.<\/p>"}},"text-3":{"type":"text","settings":{"title":"How durable are the materials used?","text":"<p>Utility bags are typically made of strong, durable materials such as canvas, nylon, and leather. They are designed to handle daily wear and tear, so they should last for many years proper care and maintenance.<\/p>"}},"text-4":{"type":"text","settings":{"title":"Are these bags drop-proof?","text":"<p>Yes, our bags are usually made of tough and durable materials, like Kevlar and ballistic nylon, that can withstand impacts and shock. They also have reinforced seams and zippers to prevent the contents from spilling.<\/p>"}},"text-5":{"type":"text","settings":{"title":"What kind of padding is used in the bags?","text":"<p>Utility bags usually have some form of cushioning or padding in them to protect the items inside. Foam padding and filler material are both commonly used. The thickness of the padding can vary depending on the type of bag and its intended use.<\/p>"}}},"block_order":["text-2","text-3","text-4","text-5"],"disabled":true,"settings":{"layout":"two-columns","show_accordion_divider":false,"line_thickness":"normal","subheading":"","title":"FAQ","type_style":"font-heading","heading_size":120,"text":"<p>Popular questions from our customers<\/p>","tabs_bg_color":"#f5f5f5","bg_color":"","gradient":"","text_color":"text-dark","border_color":"","width":"wrapper","padding_top":80,"padding_bottom":20}},"section-icons-row":{"type":"section-icons-row","blocks":{"text-6":{"type":"text","settings":{"icon_name":"fair-trade","title":"","text":"<p>Made in USA<\/p>"}},"text-7":{"type":"text","settings":{"icon_name":"check","title":"","text":"<p>Premium Quality<\/p>"}},"text-8":{"type":"text","settings":{"icon_name":"recycle","title":"","text":"<p>Recycled Materials<\/p>"}},"text-9":{"type":"text","settings":{"icon_name":"shield","title":"","text":"<p>Water Resistant<\/p>"}}},"block_order":["text-6","text-7","text-8","text-9"],"disabled":true,"settings":{"heading":"","subheading":"","alignment":"inline-center","columns":4,"icons_width":35,"show_vertical_borders":true,"show_top_border":true,"show_bottom_border":true,"heading_size":120,"text_size":100,"bg_color":"rgba(0,0,0,0)","gradient":"","text_color":"rgba(0,0,0,0)","box_color":"#f5f5f5","color_border":"#333333","button_text":"","button_link":"","button_color":"btn--black","button_style":"secondary btn--small","button_size":"btn--small","layout_mobile":"grid","width":"wrapper","padding_top":0,"padding_bottom":40}},"section-text":{"type":"section-text","blocks":{"heading-0":{"type":"heading","settings":{"text":"<p>We focus on <em>premium materials<\/em> that will hold up in every scenario. From all-day trekking to lightweight everyday needs, you'll be <em>ready for anything.<\/em> Handmade, with one stitch at a time, because that's how we do it.<\/p>","size":100,"heading_highlight_type":"highlight","highlight_color":"#000000","highlight_text_color":"#ffffff"}}},"block_order":["heading-0"],"disabled":true,"settings":{"text_position":"left","bg_color":"","gradient":"","text_color":"text-light","width":"wrapper","padding_top":60,"padding_bottom":60}},"section-grid":{"type":"section-grid","blocks":{"image":{"type":"image","settings":{"width":"66.66","overlay_opacity":10,"text_position":"center","subheading":"Tech Savvy","title":"Gadget Friendly","text":"Made for digital nomads and office workers","button_1_text":"","button_1_link":"","button_2_text":"","button_2_link":"","overlay_text_color":"text-light"}},"image-0":{"type":"image","disabled":true,"settings":{"width":"66.66","overlay_opacity":15,"text_position":"center","subheading":"Bestselling","title":"Commuter Bags","text":"Travel to your next destination","button_1_text":"","button_1_link":"","button_2_text":"","button_2_link":"","overlay_text_color":"text-light"}},"image-1":{"type":"image","disabled":true,"settings":{"width":"33.33","overlay_opacity":10,"text_position":"center","subheading":"Final markdowns","title":"Clearance","text":"While supplies last","button_1_text":"","button_1_link":"","button_2_text":"","button_2_link":"","overlay_text_color":"text-light"}},"text-10":{"type":"text","settings":{"width":"33.33","text_position":"center","subheading":"Final markdowns","title":"Clearance","text":"While supplies last","button_1_text":"","button_1_link":"","button_2_text":"","button_2_link":"","overlay_text_color":"text-light","bg_color":"#f4f4f4"}},"text-11":{"type":"text","settings":{"width":"33.33","text_position":"center","subheading":"Bestselling","title":"Commuter","text":"Travel to your next destination","button_1_text":"","button_1_link":"","button_2_text":"","button_2_link":"","overlay_text_color":"text-light","bg_color":"#f4f4f4"}},"image-2":{"type":"image","settings":{"width":"66.66","overlay_opacity":0,"text_position":"center","subheading":"Maximum Comfort and Style","title":"Backpacks","text":"Keep your essentials organized","button_1_text":"","button_1_link":"","button_2_text":"","button_2_link":"","overlay_text_color":"text-light"}}},"block_order":["image","image-0","image-1","text-10","text-11","image-2"],"disabled":true,"settings":{"desktop_height":"four-fifty-height","enable_mobile_height":true,"mobile_height":"three-fifty-height-mobile","heading_size":130,"text_size":100,"button_1_color":"btn--white","button_1_style":"btn--text","button_1_size":"btn--small","button_2_color":"btn--black","button_2_style":"btn--text","button_2_size":"btn--small","section_bg_color":"","gradient":"","enable_slider_mobile":false,"columns_mobile":"1","overlay_text":true,"width":"wrapper","add_gutter":true,"padding_top":60,"padding_bottom":0}},"section-press":{"type":"section-press","blocks":{"press":{"type":"press","settings":{"text":"<p>With a meticulous focus on functionality, durability, and style, they have managed to captivate the hearts of tech enthusiasts and professionals alike.<\/p>","link":"","logo_width":120}},"press-0":{"type":"press","settings":{"text":"<p>Their designs blend sleek aesthetics with modern sensibilities, resulting in bags that are both sophisticated and practical.<\/p>","link":"","logo_width":120}},"press-1":{"type":"press","settings":{"text":"<p>The use of premium materials and robust construction techniques ensures that their bags can withstand the demands of daily use and provide long-lasting protection for valuable tech gear.<\/p>","link":"","logo_width":120}}},"block_order":["press","press-0","press-1"],"disabled":true,"settings":{"title":"","show_quotations":true,"show_rounded_corners":false,"logo_opacity":50,"autoplay":true,"duration":4,"bg_color":"","gradient":"","width":"wrapper--narrow","padding_top":60,"padding_bottom":40}},"apps":{"type":"apps","settings":{"bg_color":"","width":"wrapper","padding_top":60,"padding_bottom":60}},"related-products":{"type":"related-products","blocks":{"related":{"type":"related","settings":{"title":"You may also like","product_recommendations_limit":4}},"recent":{"type":"recent","settings":{"title":"Recently viewed","product_recently_limit":4}}},"block_order":["related","recent"],"settings":{"enable_tabs":false,"layout":"grid","columns_mobile":"1","type_style":"font-heading","tab_heading_size":165,"bg_color":"#ffffff","width":"wrapper--full-padded","padding_top":40,"padding_bottom":80}}},"order":["product","section-image","section-image-with-text","section-accordions","section-icons-row","section-text","section-grid","section-press","apps","related-products"]}