{
  "sections": {
    "product": {
      "type": "product",
      "blocks": {
        "title": {
          "type": "title",
          "settings": {
            "subheading": "none",
            "padding_bottom": 4
          }
        },
        "icon": {
          "type": "icon",
          "disabled": true,
          "settings": {
            "icon_name": "none",
            "icon_color": "rgba(0,0,0,0)",
            "icon_width": 20,
            "icon_text": "Lifetime Guarantee • Repair Kit Included",
            "text_size": 85,
            "width": "full",
            "text_alignment": "left",
            "bg_color": "rgba(0,0,0,0)",
            "padding_bottom": 28
          }
        },
        "form": {
          "type": "form",
          "settings": {
            "show_labels": true,
            "show_quantity": false,
            "show_payment_button": true,
            "enable_subscriptions_selectors": true,
            "padding_bottom": 20
          }
        },
        "text": {
          "type": "text",
          "disabled": true,
          "settings": {
            "title": "<p>All products in this store are for demo purposes only. They have been generously provided by <a href=\"https://topodesigns.com/\" target=\"_blank\" title=\"https://topodesigns.com/\">Topo Designs</a>.</p>",
            "text_alignment": "left",
            "padding_bottom": 12
          }
        },
        "description": {
          "type": "description",
          "settings": {
            "padding_bottom": 20
          }
        },
        "product_accordion": {
          "type": "product_accordion",
          "settings": {
            "accordion_heading": "Materials and specs",
            "heading_style": "font-heading",
            "accordion_page": "",
            "padding_bottom": 4
          }
        },
        "divider": {
          "type": "divider",
          "settings": {
            "show_line": true,
            "padding_bottom": 8
          }
        },
        "product_accordion-0": {
          "type": "product_accordion",
          "settings": {
            "accordion_heading": "Shipping and returns",
            "heading_style": "font-heading",
            "accordion_text": "<p>We offer free shipping on all orders over $100 and provide a full refund if returned within 30 days.</p>",
            "accordion_page": "",
            "padding_bottom": 4
          }
        },
        "divider-0": {
          "type": "divider",
          "settings": {
            "show_line": true,
            "padding_bottom": 16
          }
        },
        "icon-0": {
          "type": "icon",
          "disabled": true,
          "settings": {
            "icon_name": "shield",
            "icon_color": "",
            "icon_width": 20,
            "icon_text": "Lifetime Guarantee",
            "text_size": 90,
            "width": "half",
            "text_alignment": "left",
            "bg_color": "#ffffff",
            "padding_bottom": 20
          }
        },
        "upsell": {
          "type": "upsell",
          "disabled": true,
          "settings": {
            "padding_bottom": 20
          }
        },
        "feature": {
          "type": "feature",
          "settings": {
            "icon_name": "support",
            "icon_width": 25,
            "title": "Need help?",
            "text": "<p>Our mission is to help you find the ideal backpack that suits your lifestyle, comfort, and storage needs. With our extensive range of backpacks designed for every purpose finding the right size has never been easier.</p>",
            "bg_color": "#f7f9fa",
            "text_color": "#000000",
            "padding_bottom": 16
          }
        },
        "text-0": {
          "type": "text",
          "disabled": true,
          "settings": {
            "title": "<p><a href=\"/pages/faq\" title=\"FAQ\"><strong>Learn more about our warranty</strong></a></p>",
            "text_alignment": "left",
            "padding_bottom": 20
          }
        }
      },
      "block_order": [
        "title",
        "icon",
        "form",
        "text",
        "description",
        "product_accordion",
        "divider",
        "product_accordion-0",
        "divider-0",
        "icon-0",
        "upsell",
        "feature",
        "text-0"
      ],
      "settings": {
        "product_sticky_enable": true,
        "image_layout": "carousel",
        "image_width": "standard",
        "product_image_aspect_ratio": true,
        "enable_zoom": true,
        "enable_video_looping": false,
        "bg_color": "",
        "width": "wrapper",
        "padding_top": 60,
        "padding_bottom": 60
      }
    },
    "section-accordions": {
      "type": "section-accordions",
      "blocks": {
        "text-1": {
          "type": "text",
          "settings": {
            "title": "Does this product come with a warranty?",
            "text": "<p>All our products are subject to quality control.<br/><br/>Our warranty provides a guarantee against manufacturer defects.<br/><br/>The guarantee covers any manufacturing, design, or material defect. Please notify us within 2 months of noticing any defects.<br/><br/>It does not cover blows, improper use, or other issues that are not attributable to a manufacturer defects.</p>"
          }
        },
        "text-2": {
          "type": "text",
          "settings": {
            "title": "How durable are the materials used?",
            "text": "<p>Utility bags are typically made of strong, durable materials such as canvas, nylon, and leather. They are designed to handle daily wear and tear, so they should last for many years proper care and maintenance.</p>"
          }
        },
        "text-3": {
          "type": "text",
          "settings": {
            "title": "Are these bags drop-proof?",
            "text": "<p>Yes, our bags are usually made of tough and durable materials, like Kevlar and ballistic nylon, that can withstand impacts and shock. They also have reinforced seams and zippers to prevent the contents from spilling.</p>"
          }
        },
        "text-4": {
          "type": "text",
          "settings": {
            "title": "What kind of padding is used in the bags?",
            "text": "<p>Utility bags usually have some form of cushioning or padding in them to protect the items inside. Foam padding and filler material are both commonly used. The thickness of the padding can vary depending on the type of bag and its intended use.</p>"
          }
        }
      },
      "block_order": [
        "text-1",
        "text-2",
        "text-3",
        "text-4"
      ],
      "settings": {
        "layout": "two-columns",
        "show_accordion_divider": false,
        "subheading": "",
        "title": "FAQ",
        "text": "<p>Popular questions from our customers</p>",
        "tabs_bg_color": "#f5f5f5",
        "text_color": "text-dark",
        "width": "wrapper--full-padded",
        "padding_top": 40,
        "padding_bottom": 40
      }
    },
    "section-icons-row": {
      "type": "section-icons-row",
      "blocks": {
        "text-5": {
          "type": "text",
          "settings": {
            "icon_name": "fair-trade",
            "title": "",
            "text": "<p>Made in USA</p>"
          }
        },
        "text-6": {
          "type": "text",
          "settings": {
            "icon_name": "recycle",
            "title": "",
            "text": "<p>Recycled Materials</p>"
          }
        },
        "text-7": {
          "type": "text",
          "settings": {
            "icon_name": "star",
            "title": "",
            "text": "<p>Premium Quality</p>"
          }
        },
        "text-8": {
          "type": "text",
          "settings": {
            "icon_name": "shield",
            "title": "",
            "text": "<p>Water Resistant</p>"
          }
        }
      },
      "block_order": [
        "text-5",
        "text-6",
        "text-7",
        "text-8"
      ],
      "settings": {
        "heading": "",
        "subheading": "",
        "alignment": "inline-center",
        "columns": 4,
        "icons_width": 35,
        "bg_color": "rgba(0,0,0,0)",
        "text_color": "rgba(0,0,0,0)",
        "box_color": "#f5f5f5",
        "button_text": "",
        "button_link": "",
        "button_color": "btn--black",
        "button_style": "secondary btn--small",
        "button_size": "btn--small",
        "padding_top": 0,
        "padding_bottom": 20
      }
    },
    "section-text": {
      "type": "section-text",
      "blocks": {
        "heading": {
          "type": "heading",
          "settings": {
            "text": "<p>We focus on <em>premium materials</em> that will hold up in every scenario. From all-day trekking to lightweight everyday needs, you'll be <em>ready for anything.</em> Handmade, with one stitch at a time, because that's how we do it.</p>",
            "size": 100,
            "heading_highlight_type": "highlight",
            "highlight_color": "#000000",
            "highlight_text_color": "#ffffff"
          }
        }
      },
      "block_order": [
        "heading"
      ],
      "disabled": true,
      "settings": {
        "text_position": "left",
        "text_color": "text-light",
        "width": "wrapper",
        "padding_top": 60,
        "padding_bottom": 60
      }
    },
    "section-grid": {
      "type": "section-grid",
      "blocks": {
        "image": {
          "type": "image",
          "settings": {
            "width": "66.66",
            "overlay_opacity": 15,
            "text_position": "center",
            "subheading": "Bestselling",
            "title": "Commuter Bags",
            "text": "Travel to your next destination",
            "button_1_text": "",
            "button_2_text": "",
            "button_2_link": ""
          }
        },
        "image-0": {
          "type": "image",
          "settings": {
            "width": "33.33",
            "overlay_opacity": 10,
            "text_position": "center",
            "subheading": "Final markdowns",
            "title": "Clearance",
            "text": "While supplies last",
            "button_1_text": "",
            "button_2_text": "",
            "button_2_link": ""
          }
        },
        "image-1": {
          "type": "image",
          "settings": {
            "width": "50",
            "overlay_opacity": 10,
            "text_position": "center",
            "subheading": "Tech Savvy",
            "title": "Gadget Friendly",
            "text": "Made for digital nomads and office workers",
            "button_1_text": "",
            "button_2_text": "",
            "button_2_link": ""
          }
        },
        "image-2": {
          "type": "image",
          "settings": {
            "width": "50",
            "overlay_opacity": 10,
            "text_position": "center",
            "subheading": "Maximum Comfort and Style",
            "title": "Backpacks",
            "text": "Keep your essentials organized",
            "button_1_text": "",
            "button_2_text": "",
            "button_2_link": ""
          }
        }
      },
      "block_order": [
        "image",
        "image-0",
        "image-1",
        "image-2"
      ],
      "settings": {
        "heading_size": 130,
        "button_1_color": "btn--white",
        "button_1_style": "btn--text",
        "button_1_size": "btn--small",
        "button_2_color": "btn--black",
        "button_2_style": "btn--text",
        "button_2_size": "btn--small",
        "enable_slider_mobile": true,
        "width": "wrapper",
        "add_gutter": true,
        "padding_top": 60,
        "padding_bottom": 0
      }
    },
    "section-press": {
      "type": "section-press",
      "blocks": {
        "press": {
          "type": "press",
          "settings": {
            "text": "<p>With a meticulous focus on functionality, durability, and style, they have managed to captivate the hearts of tech enthusiasts and professionals alike.</p>",
            "link": "",
            "logo_width": 120
          }
        },
        "press-0": {
          "type": "press",
          "settings": {
            "text": "<p>Their designs blend sleek aesthetics with modern sensibilities, resulting in bags that are both sophisticated and practical.</p>",
            "link": "",
            "logo_width": 120
          }
        },
        "press-1": {
          "type": "press",
          "settings": {
            "text": "<p>The use of premium materials and robust construction techniques ensures that their bags can withstand the demands of daily use and provide long-lasting protection for valuable tech gear.</p>",
            "link": "",
            "logo_width": 120
          }
        }
      },
      "block_order": [
        "press",
        "press-0",
        "press-1"
      ],
      "settings": {
        "title": "",
        "show_quotations": true,
        "show_rounded_corners": false,
        "autoplay": true,
        "duration": 4,
        "width": "wrapper--narrow",
        "padding_top": 60,
        "padding_bottom": 60
      }
    },
    "related-products": {
      "type": "related-products",
      "blocks": {
        "related": {
          "type": "related",
          "settings": {
            "title": "You may also like",
            "product_recommendations_limit": 4
          }
        },
        "recent": {
          "type": "recent",
          "settings": {
            "title": "Recently viewed",
            "product_recently_limit": 4
          }
        }
      },
      "block_order": [
        "related",
        "recent"
      ],
      "disabled": true,
      "settings": {
        "enable_tabs": true,
        "bg_color": "#ffffff",
        "width": "wrapper--full-padded",
        "padding_top": 60,
        "padding_bottom": 80
      }
    }
  },
  "order": [
    "product",
    "section-accordions",
    "section-icons-row",
    "section-text",
    "section-grid",
    "section-press",
    "related-products"
  ]
}
