{"current":{"color_body_bg":"#fff","color_headings":"#0c0c0f","color_body_text":"#0c0c0f","color_accent":"#585858","color_borders_and_lines":"#d3d3d3","type_heading_font":"roboto_mono_n7","heading_caps":true,"heading_letter_spacing":-25,"type_base_font":"inter_n5","type_nav_font":"heading","nav_size":85,"nav_top_level_links_size":80,"nav_letter_spacing":25,"type_subheadings_font":"courier_new_n7","subheading_caps":true,"subheading_letter_spacing":50,"type_labels_font":"heading","label_font_weight":"normal","type_highlight_font":"space_mono_n7","type_button_font":"heading","button_font_weight":"bold","button_style":"rounded","button_letter_spacing":50,"button_caps":true,"primary_buttons_color":"#000000","secondary_buttons_color":"#ffffff","small_button_size":85,"small_button_width":150,"medium_button_size":85,"medium_button_width":200,"large_button_size":85,"large_button_width":250,"heading_style":"font-heading","product_grid_heading_size":130,"product_grid_text_size":100,"products_per_row_on_mobile":"2","image_size":"contain","image_aspect_ratio":1.2,"product_grid_hover":"image","product_grid_hover_animation":"slide","show_product_gray_bg":true,"variants_style":"auto","show_variant_image":false,"final_sale":true,"atc_show_product_price":true,"atc_button_color":"btn--black","atc_button_size":"btn--large","buynow_button_size":"btn--large","quantity_style":"standard","show_quantity":false,"show_remaining":true,"max_inventory":5,"enable_cart_notes":true,"enable_gift_notes":false,"enable_additional_buttons":true,"cart_button_color":"btn--black","empty_cart_collection_list":["small-bags-1","work-bags"],"empty_cart_collection_columns":"1","empty_cart_collection_size":90,"empty_cart_collection_overlay":true,"empty_cart_collection_text_color":"text-light","empty_cart_buttons":"","free_shipping_limit":"250","upsells_bg_color":"#000000","upsells_text_color":"#fff","upsells_button_color":"btn--white","upsells_button_style":"btn--text","loading_image":"shopify:\/\/shop_images\/wet-logo_8e536f79-63be-4bc1-852a-86f67a5ed915.png","loading_image_width":150,"loading_background":"#000000","show_spacer_lines":false,"mobile_menu_behaviour":"link","mobile_menu_type":"new","animations_enabled":false,"product_badges_size":130,"sale_bg_color":"#d43737","custom_bg_color":"#ffffff","custom_text_color":"#000000","sold_bg_color":"rgba(0,0,0,0)","sold_text_color":"#000000","show_saving_badge":false,"saving_bg_color":"#d43737","color_swatches_type":"disabled","color_swatches_product_style":"circle","enable_infinity_scroll":true,"suggest_collections":false,"suggestions_results_limit":3,"popular_searches_menu":"search-menu-2024","show_browse_categories_menu":false,"social_instagram_link":"https:\/\/www.instagram.com\/wet.wknd","social_tiktok_link":"https:\/\/www.tiktok.com\/@wet.wknd","social_facebook_link":"","social_twitter_link":"","social_pinterest_link":"","social_youtube_link":"","currency_code_enable":false,"favicon":"shopify:\/\/shop_images\/wet-logo_8e536f79-63be-4bc1-852a-86f67a5ed915.png","info_page":"size-chart","tab_heading_size":100,"checkout_header_image":"","checkout_logo_position":"left","checkout_logo_size":"large","checkout_body_background_image":"","checkout_body_background_color":"#ffffff","checkout_input_background_color_mode":"transparent","checkout_sidebar_background_image":"","checkout_sidebar_background_color":"#f4f4f4","checkout_heading_font":"Helvetica Neue","checkout_body_font":"Helvetica Neue","checkout_accent_color":"#ff7900","checkout_button_color":"#000000","checkout_error_color":"#d02e2e","content_for_index":[]},"installed_preset_name":"Dynamo","presets":{"Palo Alto":{"color_headings":"#0b0b0b","color_body_text":"#0b0b0b","color_accent":"#fff7f2","color_borders_and_lines":"#000000","heading_size":80,"text_size":105,"nav_size":90,"nav_top_level_links_size":80,"nav_letter_spacing":50,"subheading_caps":true,"subheading_size":80,"subheading_letter_spacing":100,"button_font_weight":"bold","button_style":"rounded","button_letter_spacing":75,"button_caps":true,"primary_buttons_color":"#000000","secondary_buttons_color":"#ffffff","product_grid_heading_size":130,"product_grid_text_size":115,"bold_price":true,"products_per_row_on_mobile":"2","show_gray_bg":false,"product_grid_hover":"image","product_grid_hover_animation":"fade-in","atc_show_product_price":true,"quantity_style":"standard","quick_buy_image_layout":"small","show_quantity":false,"show_remaining":true,"show_payment_button":false,"product_bold_price":true,"max_inventory":5,"enable_subscriptions_selectors":false,"enable_cart_notes":true,"empty_cart_heading":"Find your new wardrobe","empty_cart_heading_size":120,"empty_cart_collection_list":["new-arrivals","staff-picks","homepage","sale"],"empty_cart_buttons":"","cart_custom_message_color":"text-dark","upsells_height":100,"upsells_bg_color":"#f7f6f4","loading_image_width":150,"show_spacer_lines":false,"show_rounded_corners":true,"increase_border_radius":true,"mobile_menu_behaviour":"link","product_badges_size":95,"sale_bg_color":"#d02e2e","custom_bg_color":"#ffffff","custom_text_color":"#000000","sold_bg_color":"#0b0b0b","sold_text_color":"#d3d3d3","saving_bg_color":"#d02e2e","suggest_collections":false,"suggestions_results_limit":5,"popular_searches_menu":"footer","show_browse_categories_menu":false,"suggestions_terms_limit":10,"social_instagram_link":"https:\/\/www.instagram.com\/shopify","social_tiktok_link":"https:\/\/tiktok.com\/@shopify","social_facebook_link":"https:\/\/www.facebook.com\/shopify","social_twitter_link":"","social_pinterest_link":"","currency_code_enable":false,"favicon":"","checkout_logo_position":"left","checkout_logo_size":"large","checkout_body_background_image":"","checkout_body_background_color":"#ffffff","checkout_input_background_color_mode":"white","checkout_sidebar_background_image":"","checkout_sidebar_background_color":"#f1efe8","checkout_heading_font":"Helvetica Neue","checkout_body_font":"Helvetica Neue","checkout_accent_color":"#edb3f2","checkout_button_color":"#fbcaff","checkout_error_color":"#d02e2e","content_for_index":[]},"Fable":{"color_body_bg":"#fff5ea","color_headings":"#0b0b0b","color_body_text":"#0b0b0b","color_accent":"#0032a1","color_borders_and_lines":"#000000","type_heading_font":"petrona_n5","heading_size":125,"heading_letter_spacing":-25,"type_base_font":"space_mono_n4","text_size":95,"nav_size":95,"nav_top_level_links_size":75,"nav_letter_spacing":50,"subheading_caps":true,"subheading_size":85,"subheading_letter_spacing":100,"type_highlight_font":"kalam_n4","type_button_font":"subheading","button_font_weight":"bold","button_style":"pill","button_letter_spacing":75,"button_caps":true,"primary_buttons_color":"#f0ffae","secondary_buttons_color":"#0032a1","small_button_size":80,"small_button_width":100,"medium_button_size":75,"large_button_size":75,"large_button_width":250,"product_grid_heading_size":130,"product_grid_text_size":100,"products_per_row_on_desktop":3,"products_per_row_on_mobile":"2","image_aspect_ratio":1.2,"show_gray_bg":false,"product_grid_hover":"image","product_grid_hover_animation":"fade-in","atc_show_product_price":true,"atc_button_color":"btn--black","quantity_style":"standard","show_remaining":true,"show_payment_button":false,"product_bold_price":true,"max_inventory":5,"enable_subscriptions_selectors":false,"enable_cart_notes":true,"empty_cart_collection_list":["new-arrivals","best-sellers","sale","all"],"empty_cart_collection_size":80,"empty_cart_collection_overlay":true,"empty_cart_collection_text_color":"text-light","empty_cart_buttons":"","upsells_height":165,"upsells_bg_color":"#fdfbf8","upsells_button_color":"btn--primary","upsells_button_style":"btn--solid","upsells_button_size":"btn--small","loading_image_width":150,"show_spacer_lines":false,"show_rounded_corners":true,"increase_border_radius":true,"product_badges_size":95,"badge_style":"pill","sale_bg_color":"#d02e2e","custom_bg_color":"#f0ffae","custom_text_color":"#000000","sold_bg_color":"#0b0b0b","sold_text_color":"#d3d3d3","show_saving_badge":false,"saving_bg_color":"#d02e4b","suggest_collections":false,"suggestions_results_limit":5,"popular_searches_menu":"footer","show_browse_categories_menu":false,"suggestions_terms_limit":10,"social_instagram_link":"https:\/\/www.instagram.com\/shopify","social_tiktok_link":"https:\/\/tiktok.com\/@shopify","social_facebook_link":"https:\/\/www.facebook.com\/shopify","social_twitter_link":"","social_pinterest_link":"","currency_code_enable":false,"favicon":"","checkout_logo_position":"left","checkout_logo_size":"large","checkout_body_background_image":"","checkout_body_background_color":"#ffffff","checkout_input_background_color_mode":"white","checkout_sidebar_background_image":"","checkout_sidebar_background_color":"#f1efe8","checkout_heading_font":"Helvetica Neue","checkout_body_font":"Helvetica Neue","checkout_accent_color":"#edb3f2","checkout_button_color":"#fbcaff","checkout_error_color":"#d02e2e","content_for_index":[]},"Dynamo":{"color_body_bg":"#fff","color_headings":"#0c0c0f","color_body_text":"#0c0c0f","color_accent":"#585858","color_borders_and_lines":"#d3d3d3","type_heading_font":"roboto_mono_n7","heading_caps":true,"heading_letter_spacing":-25,"type_base_font":"inter_n5","type_nav_font":"heading","nav_size":85,"nav_top_level_links_size":80,"nav_letter_spacing":25,"type_subheadings_font":"courier_new_n7","subheading_caps":true,"subheading_letter_spacing":50,"type_labels_font":"heading","label_font_weight":"normal","type_highlight_font":"space_mono_n7","type_button_font":"heading","button_font_weight":"bold","button_style":"rounded","button_letter_spacing":50,"button_caps":true,"primary_buttons_color":"#000000","secondary_buttons_color":"#ffffff","small_button_size":85,"small_button_width":150,"medium_button_size":85,"medium_button_width":200,"large_button_size":85,"large_button_width":250,"product_grid_heading_size":130,"product_grid_text_size":100,"products_per_row_on_mobile":"2","image_aspect_ratio":1.2,"product_grid_hover":"image","product_grid_hover_animation":"slide","show_product_gray_bg":true,"variants_style":"boxes","show_variant_image":true,"final_sale":true,"atc_show_product_price":true,"atc_button_color":"btn--black","atc_button_size":"btn--large","buynow_button_size":"btn--large","quantity_style":"standard","show_quantity":false,"show_remaining":true,"max_inventory":5,"enable_cart_notes":true,"enable_gift_notes":false,"enable_additional_buttons":true,"cart_button_color":"btn--black","empty_cart_collection_list":["small-bags-1","work-bags"],"empty_cart_collection_columns":"1","empty_cart_collection_size":90,"empty_cart_collection_overlay":true,"empty_cart_collection_text_color":"text-light","empty_cart_buttons":"","free_shipping_limit":"250","upsells_bg_color":"#000000","upsells_text_color":"#fff","upsells_button_color":"btn--white","upsells_button_style":"btn--text","loading_image_width":150,"show_spacer_lines":false,"mobile_menu_behaviour":"link","product_badges_size":130,"sale_bg_color":"#d43737","custom_bg_color":"#ffffff","custom_text_color":"#000000","sold_bg_color":"rgba(0,0,0,0)","sold_text_color":"#000000","show_saving_badge":false,"saving_bg_color":"#d43737","suggest_collections":false,"suggestions_results_limit":3,"popular_searches_menu":"search-menu-2024","show_browse_categories_menu":false,"social_instagram_link":"https:\/\/www.instagram.com\/shopify","social_tiktok_link":"https:\/\/tiktok.com\/@shopify","social_facebook_link":"","social_twitter_link":"https:\/\/www.twitter.com\/shopify","social_pinterest_link":"","social_youtube_link":"https:\/\/youtube.com\/user\/shopify","currency_code_enable":false,"favicon":"","checkout_header_image":"","checkout_logo_position":"left","checkout_logo_size":"large","checkout_body_background_image":"","checkout_body_background_color":"#ffffff","checkout_input_background_color_mode":"transparent","checkout_sidebar_background_image":"","checkout_sidebar_background_color":"#f4f4f4","checkout_heading_font":"Helvetica Neue","checkout_body_font":"Helvetica Neue","checkout_accent_color":"#ff7900","checkout_button_color":"#000000","checkout_error_color":"#d02e2e","content_for_index":[]},"Skylight":{"color_body_bg":"#fbfbfb","color_headings":"#0d0d0d","color_body_text":"#0d0d0d","color_accent":"#712002","color_borders_and_lines":"#0d0d0d","type_heading_font":"archivo_n4","type_base_font":"roboto_n4","text_size":90,"type_nav_font":"heading","nav_font_weight":"normal","nav_size":75,"nav_top_level_links_size":75,"nav_letter_spacing":50,"nav_caps_letter_spacing":false,"type_subheadings_font":"inter_n4","subheading_size":120,"subheading_letter_spacing":25,"type_labels_font":"subheading","type_button_font":"heading","button_letter_spacing":25,"button_caps":true,"primary_buttons_color":"#ececec","secondary_buttons_color":"#712002","heading_style":"font-body","product_grid_heading_size":130,"product_grid_text_size":100,"products_per_row_on_desktop":3,"products_per_row_on_mobile":"2","show_gray_bg":false,"product_grid_hover":"image","product_grid_hover_animation":"slide","cutline_color":"accent","variants_style":"boxes","final_sale":true,"final_sale_color":"#d02e2e","atc_show_product_price":true,"atc_button_color":"btn--black","quantity_style":"standard","quick_buy_image_layout":"small","show_quantity":false,"show_remaining":true,"max_inventory":5,"empty_cart_heading":"Explore our collections","empty_cart_collection_list":["loafers","spring-lookbook","sandals","flats"],"free_shipping_limit":"200","upsells_image_width":20,"upsells_bg_color":"#fbfbfb","upsells_button_color":"btn--black","upsells_button_style":"btn--text","upsells_button_size":"btn--large","loading_image_width":150,"show_spacer_lines":false,"arrow_style":"arrow","increase_border_radius":true,"mobile_menu_behaviour":"link","animations_enabled":false,"sale_bg_color":"#000000","custom_bg_color":"#ffffff","custom_text_color":"#0d0d0d","sold_bg_color":"#0d0d0d","show_saving_badge":false,"saving_bg_color":"#fef8e5","saving_text_color":"#000000","suggest_collections":false,"suggestions_results_limit":4,"popular_searches_menu":"","suggestions_terms_limit":4,"social_instagram_link":"#","social_tiktok_link":"#","social_facebook_link":"#","social_twitter_link":"","social_snapchat_link":"","social_pinterest_link":"","social_tumblr_link":"","social_youtube_link":"","info_page":"","info_page_title_override":"Size chart","checkout_logo_position":"left","checkout_logo_size":"large","checkout_body_background_color":"#ffffff","checkout_input_background_color_mode":"white","checkout_sidebar_background_color":"#f5f4f1","checkout_heading_font":"Helvetica Neue","checkout_body_font":"Helvetica Neue","checkout_accent_color":"#0d6e70","checkout_button_color":"#712002","checkout_error_color":"#b01736","content_for_index":[]},"Phenomena":{"color_headings":"#000000","color_accent":"#4f6a46","color_borders_and_lines":"#707070","type_heading_font":"instrument_sans_n6","type_base_font":"chivo_n4","nav_font_weight":"normal","nav_size":80,"nav_top_level_links_size":80,"nav_caps_megamenu":true,"nav_letter_spacing":25,"type_subheadings_font":"chivo_n4","subheading_caps":true,"subheading_size":80,"subheading_letter_spacing":25,"button_style":"pill","button_letter_spacing":125,"button_caps":true,"primary_buttons_color":"#4f6a46","secondary_buttons_color":"#707070","small_button_size":80,"medium_button_size":80,"large_button_size":80,"product_grid_heading_size":130,"product_grid_text_size":110,"bold_price":true,"products_per_row_on_desktop":3,"product_grid_hover":"image","show_product_gray_bg":true,"variants_style":"boxes","variant_image_style":"stacked","final_sale":true,"final_sale_color":"#4f6a46","atc_show_product_price":true,"atc_button_color":"btn--black","max_inventory":5,"enable_cart_notes":true,"empty_cart_heading":"Elevate your beauty routine with our top picks.","empty_cart_heading_size":70,"empty_cart_collection_list":["new","best-sellers","clearance-sale"],"empty_cart_collection_columns":"1","empty_cart_collection_size":70,"empty_cart_collection_overlay":true,"empty_cart_collection_text_color":"text-light","empty_cart_collection_overlay_opacity":20,"empty_cart_buttons":"","free_shipping_limit":"75","upsells_height":155,"upsells_image_width":20,"upsells_bg_color":"#ffffff","upsells_text_color":"rgba(0,0,0,0)","upsells_button_color":"btn--black","upsells_button_style":"btn--solid","show_spacer_lines":false,"show_rounded_corners":true,"increase_border_radius":true,"mobile_menu_behaviour":"link","sale_bg_color":"#4f6a46","custom_bg_color":"#e5f18b","custom_text_color":"#000000","sold_bg_color":"#f1f0ec","sold_text_color":"#000000","saving_bg_color":"#4f6a46","saving_text_color":"#fff","color_swatches_product_style":"circle","social_instagram_link":"https:\/\/www.instagram.com\/shopify","social_tiktok_link":"https:\/\/tiktok.com\/@shopify","social_facebook_link":"","social_twitter_link":"https:\/\/www.twitter.com\/shopify","social_pinterest_link":"","currency_code_enable":false,"favicon":"","checkout_header_image":"","checkout_logo_position":"left","checkout_logo_size":"small","checkout_body_background_image":"","checkout_body_background_color":"#ffffff","checkout_input_background_color_mode":"white","checkout_sidebar_background_image":"","checkout_sidebar_background_color":"#f1f0ec","checkout_heading_font":"Helvetica Neue","checkout_body_font":"Helvetica Neue","checkout_accent_color":"#4f6a46","checkout_button_color":"#000000","checkout_error_color":"#d02e2e","content_for_index":[]}},"platform_customizations":{"custom_css":["h1,.site-header__heading {font-family: \"owners-black\", sans-serif !important; font-weight: 900;}","h2,h3,.h1,.h2,.h3,.site-header__heading {font-family: \"owners\", sans-serif !important; font-weight: 600;}","a.product-grid-item__title.font-heading {font-family: \"Owners\", sans-serif !important; font-weight: 600 !important; font-style: normal !important; letter-spacing: 0.03em !important;}"]}}